Name,Number,Image
Iduino Uno rev3,Item No.: ST1025,http://www.openplatform.cc/Public/Home/uploads/products/5840e9e9a4936.jpg
Iduino Mega2560,Item No.: ST1026,http://www.openplatform.cc/Public/Home/uploads/products/5840e9a287b43.jpg
Iduino Nano 328P,Item No.: ST1027,http://www.openplatform.cc/Public/Home/uploads/products/57062d527dc49.jpg
Wearable LilyPad Board(Atmega328P),Item No.: DE015,http://www.openplatform.cc/Public/Home/uploads/products/57451a5151836.jpg
Wearable LilyPad Board(Atmega32U4),Item No.: DE013,http://www.openplatform.cc/Public/Home/uploads/products/57451a033d2b5.jpg
Iduino Leonardo,Item No.: ST1028,http://www.openplatform.cc/Public/Home/uploads/products/5840ee39a93ef.jpg
NodeMCU mother board V3,Item No.: AD038,http://www.openplatform.cc/Public/Home/uploads/products/5747c86af2d46.jpg
Ultrasonic DIY Arduino Car,Item No.: SC010,http://www.openplatform.cc/Public/Home/uploads/products/57427321f3c55.jpg
37 in 1  Sensor Kit For Arduino,Item No.: ST1065,http://www.openplatform.cc/Public/Home/uploads/products/5733ef291d5e8.jpg
Basic Starter kit with UNO,Item No.: KTS012,http://www.openplatform.cc/Public/Home/uploads/products/574653b3ae8cf.jpg
Arduino learning super Kit,Item No.: KTS013,http://www.openplatform.cc/Public/Home/uploads/products/57465213d0a1e.jpg
Basic Starter kit with Mega2560,Item No.: KTS016,http://www.openplatform.cc/Public/Home/uploads/products/5746528ccf749.jpg
Arduino Electronic Accessory  Kit,Item No.: KTS042,http://www.openplatform.cc/Public/Home/uploads/products/5746530b281c8.jpg
DIY Learning Boards Module Kit,Item No.: KTS014,http://www.openplatform.cc/Public/Home/uploads/products/573d8dc03adc4.jpg
24-in-1 Sensor Learning Kit for Arduino,Item No.: KTS024,http://www.openplatform.cc/Public/Home/uploads/products/5641be52ebddc.JPG
Basic Starter kit with Nano,Item No.: KTS08,http://www.openplatform.cc/Public/Home/uploads/products/574653ea85225.jpg
