EMAILS,SITE STATUS
"['southafrica@vemma.com', 'Taiwan@vemmatw.com', 'cs@vemma.com.vn', 'vemmacaribe@gmail.com', 'info@vemmafrica.com', 'info@vemma.com', 'ms.malaysia@vemmaasia.com', 'ms.indonesia@vemmaasia.com', 'support@vemmanutrition.com.au', 'dominicana@vemma.com.mx', 'info.ph@vemmaasia.com', 'hongkong@vemmaasia.com', 'japan@vemma.com', 'thailand@vemmaasia.com', 'ms@vemmaasia.com', 'tanzania@vemmafrica.com', 'servicioacliente@vemma.com.mx', 'support@vemmang.com', 'servicioalcliente@vemmanutrition.com.co']",200
[],200
"['nr@original', 'complaints@agl.com.au', 'nr@seenError', 'nr@context', 'nr@wrapped', 'contact@ewosa.com.au', 'customer.solutions@agl.com.au']",200
[],200
[],200
[],200
"['nr@seenError', 'nr@context', 'nr@original', 'nr@wrapped', 'origin@boardroomlimited.com.au']",200
[],200
"['energy.sydney@acciona.com', 'info@geotech.net.au', 'enquiries.singapore@acciona.com', 'enquiries.australia@acciona.com', 'infrastructure.melbourne@acciona.com', 'energy.brisbane@acciona.com', 'energy.community.relations.au@acciona.com', 'emma.reiners@acciona.com', 'energy.melbourne@acciona.com', 'infrastructure.sydney@acciona.com', 'infrastructure.brisbane@acciona.com', 'julian.elliott@acciona.com']",200
"['energy.sydney@acciona.com', 'info@geotech.net.au', 'enquiries.singapore@acciona.com', 'enquiries.australia@acciona.com', 'infrastructure.melbourne@acciona.com', 'energy.brisbane@acciona.com', 'energy.community.relations.au@acciona.com', 'emma.reiners@acciona.com', 'energy.melbourne@acciona.com', 'infrastructure.sydney@acciona.com', 'infrastructure.brisbane@acciona.com', 'julian.elliott@acciona.com']",200
"['energy.sydney@acciona.com', 'info@geotech.net.au', 'enquiries.singapore@acciona.com', 'enquiries.australia@acciona.com', 'infrastructure.melbourne@acciona.com', 'energy.brisbane@acciona.com', 'energy.community.relations.au@acciona.com', 'emma.reiners@acciona.com', 'energy.melbourne@acciona.com', 'infrastructure.sydney@acciona.com', 'infrastructure.brisbane@acciona.com', 'julian.elliott@acciona.com']",200
"['energy.sydney@acciona.com', 'info@geotech.net.au', 'enquiries.singapore@acciona.com', 'enquiries.australia@acciona.com', 'infrastructure.melbourne@acciona.com', 'energy.brisbane@acciona.com', 'energy.community.relations.au@acciona.com', 'emma.reiners@acciona.com', 'energy.melbourne@acciona.com', 'infrastructure.sydney@acciona.com', 'infrastructure.brisbane@acciona.com', 'julian.elliott@acciona.com']",200
[],200
"['sea.sales@suzlon.com', 'sea.enquiry@suzlon.com']",200
"['nr@original', 'complaints@agl.com.au', 'nr@seenError', 'nr@context', 'nr@wrapped', 'contact@ewosa.com.au', 'customer.solutions@agl.com.au']",200
"['energy.sydney@acciona.com', 'info@geotech.net.au', 'enquiries.singapore@acciona.com', 'enquiries.australia@acciona.com', 'infrastructure.melbourne@acciona.com', 'energy.brisbane@acciona.com', 'energy.community.relations.au@acciona.com', 'emma.reiners@acciona.com', 'energy.melbourne@acciona.com', 'infrastructure.sydney@acciona.com', 'infrastructure.brisbane@acciona.com', 'julian.elliott@acciona.com']",200
[],200
[],200
[],200
[],200
['1qQrTItPcBN2H-38uUezs9KWF@ol.GbiMhY5v'],200
"['info@verbund.at', 'vatha.zrgryxb@ireohaq.pbz', 'jbystnat.flebjngxn@ireohaq.pbz', 'sybevna.frvqy@ireohaq.pbz']",200
['N1_69gz@cRPmZd3M-sfS4nEerkGahQDVFbAHOiBJvxwoUL8y'],200
[],200
[],200
[],200
['info@aspiravi.be'],200
[],200
[],200
"['corporate@edfluminus.be', 'info@luminus.be', 'nico.debie@edfluminus.be']",200
[],200
['pressreleases@franklyinc.com'],200
[],200
[],200
"['corporate@edfluminus.be', 'info@luminus.be', 'nico.debie@edfluminus.be']",200
[],200
['pressreleases@franklyinc.com'],200
['info@aspiravi.be'],200
['info@aspiravi.be'],200
['info@airandenergy.biz'],200
['nr@context'],200
"['info@energyprice.be', 'info@luminus.be']",200
[],200
[],200
[],200
"['corporate@edfluminus.be', 'info@luminus.be', 'nico.debie@edfluminus.be']",200
"['corporate@edfluminus.be', 'info@luminus.be', 'nico.debie@edfluminus.be']",200
['info@aspiravi.be'],200
['michael.pierrot@thewindpower.net'],200
"['the-pulse-@-1-market', 'nr@wrapped', 'nr@context', 'nr@original']",200
"['nr@context', 'investor_relations@transcanada.com', 'communications@transcanada.com', 'reception@cartierenergie.com']",200
"['nr@context', 'investor_relations@transcanada.com', 'communications@transcanada.com', 'reception@cartierenergie.com']",200
"['nr@context', 'investor_relations@transcanada.com', 'communications@transcanada.com', 'reception@cartierenergie.com']",200
['geis@saskpower.com'],200
['geis@saskpower.com'],200
"['nr@context', 'investor_relations@transcanada.com', 'communications@transcanada.com', 'reception@cartierenergie.com']",200
"['info@capitalpower.com', 'HRAdmin@capitalpower.com', 'cbecap@capitalpower.com', 'projectap@capitalpower.com', 'msheehan@capitalpower.com', 'CPCISProcurement@capitalpower.com', 'CPCLegalinvoices@capitalpower.com', 'm_roxboroap@capitalpower.com', 'CommServAP@capitalpower.com', 'CPMInvoices@capitalpower.com', 'WindAP@capitalpower.com', 'm_southportap@capitalpower.com', 'CPCCorporateAccountsPayable@capitalpower.com', 'usdevelopment@capitalpower.com', 'GeneseeAP@capitalpower.com']",200
"['info@capitalpower.com', 'HRAdmin@capitalpower.com', 'cbecap@capitalpower.com', 'projectap@capitalpower.com', 'msheehan@capitalpower.com', 'CPCISProcurement@capitalpower.com', 'CPCLegalinvoices@capitalpower.com', 'm_roxboroap@capitalpower.com', 'CommServAP@capitalpower.com', 'CPMInvoices@capitalpower.com', 'WindAP@capitalpower.com', 'm_southportap@capitalpower.com', 'CPCCorporateAccountsPayable@capitalpower.com', 'usdevelopment@capitalpower.com', 'GeneseeAP@capitalpower.com']",200
"['info@senvion.com', 'info.canada@senvion.com']",200
"['TA_Media_Relations@transalta.com', 'webmaster@transalta.com', 'ta_media_relations@transalta.com', 'corporate_communications@Transalta.com', 'aboriginal_relations@transalta.com', 'inquiries@canstockta.com', 'community_involvement@transalta.com', 'investor_relations@transalta.com', 'sustainability@transalta.com']",200
"['Steve_Lincoln@TransAlta.com', 'bob_nelson@transalta.com', 'lori_schmitt@transalta.com', 'Centralia@transalta.com']",200
"['nr@context', 'investor_relations@transcanada.com', 'communications@transcanada.com', 'reception@cartierenergie.com']",200
"['info@capitalpower.com', 'HRAdmin@capitalpower.com', 'cbecap@capitalpower.com', 'projectap@capitalpower.com', 'msheehan@capitalpower.com', 'CPCISProcurement@capitalpower.com', 'CPCLegalinvoices@capitalpower.com', 'm_roxboroap@capitalpower.com', 'CommServAP@capitalpower.com', 'CPMInvoices@capitalpower.com', 'WindAP@capitalpower.com', 'm_southportap@capitalpower.com', 'CPCCorporateAccountsPayable@capitalpower.com', 'usdevelopment@capitalpower.com', 'GeneseeAP@capitalpower.com']",200
"['contato@brookfieldenergia.com', 'Europe@brookfieldrenewable.com', 'enquiries@brookfieldrenewable.com', 'northamerica@brookfieldrenewable.com', 'contacto@brookfieldenergia.com', 'claire.holland@brookfield.com']",200
"['info@capitalpower.com', 'HRAdmin@capitalpower.com', 'cbecap@capitalpower.com', 'projectap@capitalpower.com', 'msheehan@capitalpower.com', 'CPCISProcurement@capitalpower.com', 'CPCLegalinvoices@capitalpower.com', 'm_roxboroap@capitalpower.com', 'CommServAP@capitalpower.com', 'CPMInvoices@capitalpower.com', 'WindAP@capitalpower.com', 'm_southportap@capitalpower.com', 'CPCCorporateAccountsPayable@capitalpower.com', 'usdevelopment@capitalpower.com', 'GeneseeAP@capitalpower.com']",200
[],200
"['kvachon@innergex.com', 'jperron@innergex.com', 'service@computershare.com', 'info@innergex.com']",200
"['TA_Media_Relations@transalta.com', 'webmaster@transalta.com', 'ta_media_relations@transalta.com', 'corporate_communications@Transalta.com', 'aboriginal_relations@transalta.com', 'inquiries@canstockta.com', 'community_involvement@transalta.com', 'investor_relations@transalta.com', 'sustainability@transalta.com']",200
"['the-pulse-@-1-market', 'nr@wrapped', 'nr@context', 'nr@original']",200
"['u003cearly@rebelmouse.com', '6b64f5cc8af542cbb920e0238864390a@sentry.io', 'webfoot@musitek.comSmartScore', 'plicabupwahdiacranmindran@hotmail.com', 'noreply@rebelmouse.com']",200
['youtube@2x.png'],200
[],200
['info@gecoenergia.com'],200
"['aX@rVMKgl', 'n-C1h7R@5NKRe', 'EW@THk', 'Sn@4nN', 'Xe@UaD', 'LAu8@4SECPcpb', '-u6@UuHX']",200
[],200
"['info@bnamericas.com', 'info@BNamericas.com', 'nr@context']",200
"['cas.admon@iberdrola.es', 'gestionmarca@iberdrola.com', 'medioambiente@iberdrola.es', 'responsabilidad_social@iberdrola.com', 'jpmorgan.adr@wellsfargo.com', 'juntasostenible@iberdrola.com', 'investor.relations@iberdrola.es', 'comunicacioncorporativa@iberdrola.com', 'accionistas@iberdrola.com']",200
[],200
"['custserv@sportsendeavors.com', 'Team@SportsEndeavors.com']",200
['contact@mhivestasoffshore.com'],200
"['jbris@dongenergy.dk', 'dong-norge@dongenergy.no', 'info@dongenergy.de', 'receplon@dongenergy.co.uk', 'info@dongenergy.com']",200
['nr@context'],200
"['jbris@dongenergy.dk', 'dong-norge@dongenergy.no', 'info@dongenergy.de', 'receplon@dongenergy.co.uk', 'info@dongenergy.com']",200
"['alfa.laval@alfalaval.com', 'nr@context']",200
"['jbris@dongenergy.dk', 'dong-norge@dongenergy.no', 'info@dongenergy.de', 'receplon@dongenergy.co.uk', 'info@dongenergy.com']",200
['email.queries@eonenergy.com'],200
[],200
"['nr@context', 'sales@researchmoz.us']",200
"['info@energia.nu', 'robertinant@yahoo.com']",200
"['agidf@maia-sonnier.fr', 'agnord@maia-sonnier.fr']",200
"['rel.inv@hydro.qc.ca', 'info@boralex.com']",200
"['cas.admon@iberdrola.es', 'gestionmarca@iberdrola.com', 'medioambiente@iberdrola.es', 'responsabilidad_social@iberdrola.com', 'jpmorgan.adr@wellsfargo.com', 'juntasostenible@iberdrola.com', 'investor.relations@iberdrola.es', 'comunicacioncorporativa@iberdrola.com', 'accionistas@iberdrola.com']",200
"['agidf@maia-sonnier.fr', 'agnord@maia-sonnier.fr']",200
[],200
['stadtamt@klosterneuburg.at'],200
[],200
[],200
['info@boralex.com'],200
[],403
[],200
[],200
[],200
['stadtamt@klosterneuburg.at'],200
[],403
"['niedersachsen@vsb.de', 'nrw@vsb.de', 'thueringen@vsb.de']",200
[],200
[],200
[],200
"['custserv@sportsendeavors.com', 'Team@SportsEndeavors.com']",200
"['custserv@sportsendeavors.com', 'Team@SportsEndeavors.com']",200
[],200
[],200
[],200
['info@epuron.com.au'],200
[],200
[],200
['service@borrmanns.de'],200
[],403
[],200
['contact@dieppe-navals.fr'],200
[],200
[],200
[],403
['contact@dieppe-navals.fr'],200
['info.france@res-group.com'],200
[],200
[],200
[],200
['info@boralex.com'],200
['info@jpee.fr'],200
[],200
[],200
[],200
[],200
[],200
[],200
['contact@dieppe-navals.fr'],200
[],200
"['support@unisoncomfort.com', 'sales@innoventair.com']",200
[],200
[],200
[],403
[],200
[],200
[],200
[],200
['contact@dieppe-navals.fr'],200
[],200
[],200
[],200
['info.france@res-group.com'],200
"['custserv@sportsendeavors.com', 'Team@SportsEndeavors.com']",200
"['agidf@maia-sonnier.fr', 'agnord@maia-sonnier.fr']",200
['info.france@res-group.com'],200
[],200
['info@epuron.com.au'],200
[],200
[],200
[],200
[],200
[],200
[],200
[],200
"['cas.admon@iberdrola.es', 'gestionmarca@iberdrola.com', 'medioambiente@iberdrola.es', 'responsabilidad_social@iberdrola.com', 'jpmorgan.adr@wellsfargo.com', 'juntasostenible@iberdrola.com', 'investor.relations@iberdrola.es', 'comunicacioncorporativa@iberdrola.com', 'accionistas@iberdrola.com']",200
[],200
"['info@energyprice.be', 'klantendienst.part@poweo.be', 'klantendienst.pro@poweo.be', 'service.client.part@poweo.be', 'service.client.pro@poweo.be', 'info@poweo.be']",200
[],200
[],200
['stadtamt@klosterneuburg.at'],200
"['support@unisoncomfort.com', 'sales@innoventair.com']",200
[],200
['Info@EcoVentUSA.com'],200
[],200
[],200
[],200
"['support@unisoncomfort.com', 'sales@innoventair.com']",200
[],403
"['custserv@sportsendeavors.com', 'Team@SportsEndeavors.com']",200
[],200
"['support@unisoncomfort.com', 'sales@innoventair.com']",200
"['support@unisoncomfort.com', 'sales@innoventair.com']",200
"['jan-peter.cirkel@rwe.com', 'nr@context', 'RWEGenerationUK@rwe.com', 'media.generationNL@rwe.com']",200
"['jan-peter.cirkel@rwe.com', 'nr@context', 'RWEGenerationUK@rwe.com', 'media.generationNL@rwe.com']",200
['info@aquavolve.com'],200
[],200
"['agidf@maia-sonnier.fr', 'agnord@maia-sonnier.fr']",200
[],200
[],200
['info@jpee.fr'],200
"['support@unisoncomfort.com', 'sales@innoventair.com']",200
[],200
"['info@energyprice.be', 'klantendienst.part@poweo.be', 'klantendienst.pro@poweo.be', 'service.client.part@poweo.be', 'service.client.pro@poweo.be', 'info@poweo.be']",200
['info@jpee.fr'],200
[],403
[],200
['contact@dieppe-navals.fr'],200
[],200
"['cas.admon@iberdrola.es', 'gestionmarca@iberdrola.com', 'medioambiente@iberdrola.es', 'responsabilidad_social@iberdrola.com', 'jpmorgan.adr@wellsfargo.com', 'juntasostenible@iberdrola.com', 'investor.relations@iberdrola.es', 'comunicacioncorporativa@iberdrola.com', 'accionistas@iberdrola.com']",200
"['niedersachsen@vsb.de', 'nrw@vsb.de', 'thueringen@vsb.de']",200
"['custserv@sportsendeavors.com', 'Team@SportsEndeavors.com']",200
[],200
[],200
[],200
[],200
[],200
[],200
[],200
[],200
[],200
[],200
['truthfinder-primary-black@2x.png'],200
"['infomail@shizenenergy.net', 'info@juwi.com.sg', 'info@juwi.ae', 'info@juwi.de', 'info@juwi.it', 'info@juwi.co.za', 'info@juwi.com', 'info@juwi.es', 'info@juwi.gr', 'info@juwi.in', 'information@juwiamericas.com', 'info@juwi.com.tr']",200
[],200
[],200
[],200
[],200
[],403
[],200
[],200
['jobs@innoventglobal.com'],200
[],200
[],200
[],200
[],200
[],200
[],200
['jean-marie@ballu-foretbois.com'],200
['info@jpee.fr'],200
[],200
[],403
"['info@energyprice.be', 'klantendienst.part@poweo.be', 'klantendienst.pro@poweo.be', 'service.client.part@poweo.be', 'service.client.pro@poweo.be', 'info@poweo.be']",200
"['infomail@shizenenergy.net', 'info@juwi.com.sg', 'info@juwi.ae', 'info@juwi.de', 'info@juwi.it', 'info@juwi.co.za', 'info@juwi.com', 'info@juwi.es', 'info@juwi.gr', 'info@juwi.in', 'information@juwiamericas.com', 'info@juwi.com.tr']",200
['info.france@res-group.com'],200
['contact@dieppe-navals.fr'],200
[],200
[],200
[],200
[],200
[],200
[],200
['contact@dieppe-navals.fr'],200
['contact@afpi.org'],200
[],200
['info.france@res-group.com'],200
[],200
['service@borrmanns.de'],200
[],200
[],200
[],200
[],200
[],200
[],200
[],200
[],200
[],200
"['agidf@maia-sonnier.fr', 'agnord@maia-sonnier.fr']",200
[],200
[],200
[],200
['jobs@innoventglobal.com'],200
[],200
['contact@dieppe-navals.fr'],200
[],200
['info.france@res-group.com'],200
[],200
"['custserv@sportsendeavors.com', 'Team@SportsEndeavors.com']",200
[],200
[],200
[],403
['info.france@res-group.com'],200
"['agidf@maia-sonnier.fr', 'agnord@maia-sonnier.fr']",200
['contact@dieppe-navals.fr'],200
[],200
[],200
[],200
['info.france@res-group.com'],200
['service@borrmanns.de'],200
['truthfinder-primary-black@2x.png'],200
[],200
['contact@dieppe-navals.fr'],200
['Info@EcoVentUSA.com'],200
[],200
"['infomail@shizenenergy.net', 'info@juwi.com.sg', 'info@juwi.ae', 'info@juwi.de', 'info@juwi.it', 'info@juwi.co.za', 'info@juwi.com', 'info@juwi.es', 'info@juwi.gr', 'info@juwi.in', 'information@juwiamericas.com', 'info@juwi.com.tr']",200
"['infomail@shizenenergy.net', 'info@juwi.com.sg', 'info@juwi.ae', 'info@juwi.de', 'info@juwi.it', 'info@juwi.co.za', 'info@juwi.com', 'info@juwi.es', 'info@juwi.gr', 'info@juwi.in', 'information@juwiamericas.com', 'info@juwi.com.tr']",200
[],200
['contact@dieppe-navals.fr'],200
[],403
[],200
[],200
[],200
[],403
[],200
['enquiries@valeco.co.uk'],200
['enquiries@valeco.co.uk'],200
[],200
[],200
[],200
[],200
[],200
"['infomail@shizenenergy.net', 'info@juwi.com.sg', 'info@juwi.ae', 'info@juwi.de', 'info@juwi.it', 'info@juwi.co.za', 'info@juwi.com', 'info@juwi.es', 'info@juwi.gr', 'info@juwi.in', 'information@juwiamericas.com', 'info@juwi.com.tr']",200
"['agidf@maia-sonnier.fr', 'agnord@maia-sonnier.fr']",200
[],200
[],200
[],200
['contact@dieppe-navals.fr'],200
[],200
['info.france@res-group.com'],200
"['agidf@maia-sonnier.fr', 'agnord@maia-sonnier.fr']",200
"['agidf@maia-sonnier.fr', 'agnord@maia-sonnier.fr']",200
"['agidf@maia-sonnier.fr', 'agnord@maia-sonnier.fr']",200
[],200
[],200
[],403
"['cas.admon@iberdrola.es', 'gestionmarca@iberdrola.com', 'medioambiente@iberdrola.es', 'responsabilidad_social@iberdrola.com', 'jpmorgan.adr@wellsfargo.com', 'juntasostenible@iberdrola.com', 'investor.relations@iberdrola.es', 'comunicacioncorporativa@iberdrola.com', 'accionistas@iberdrola.com']",200
[],403
[],200
[],200
['enquiries@valeco.co.uk'],200
[],200
[],200
[],200
[],200
['info@gdfengineers.com'],200
[],200
[],200
[],200
[],200
[],200
[],200
"['agidf@maia-sonnier.fr', 'agnord@maia-sonnier.fr']",200
[],200
[],200
['info.france@res-group.com'],200
[],200
[],200
[],403
[],200
[],200
['info.france@res-group.com'],200
['dpkloos@t-online.de'],200
"['niedersachsen@vsb.de', 'nrw@vsb.de', 'thueringen@vsb.de']",200
['enquiries@valeco.co.uk'],200
[],200
[],200
['jobs@innoventglobal.com'],200
[],200
[],403
"['agidf@maia-sonnier.fr', 'agnord@maia-sonnier.fr']",200
[],200
"['infomail@shizenenergy.net', 'info@juwi.com.sg', 'info@juwi.ae', 'info@juwi.de', 'info@juwi.it', 'info@juwi.co.za', 'info@juwi.com', 'info@juwi.es', 'info@juwi.gr', 'info@juwi.in', 'information@juwiamericas.com', 'info@juwi.com.tr']",200
"['agidf@maia-sonnier.fr', 'agnord@maia-sonnier.fr']",200
"['les.twix@hotmail.fr', 'lampasoom@hotmail.com', 'Pierrecml@yahoo.fr', 'contact@ecovillage-projet.fr', 'alan.courbier@gmail.com', 'martine709@orange.fr', 'sophie.voisin.mail@gmail.com', 'daniel.domingo@free.fr']",200
"['agidf@maia-sonnier.fr', 'agnord@maia-sonnier.fr']",200
[],200
[],200
[],200
"['custserv@sportsendeavors.com', 'Team@SportsEndeavors.com']",200
['info@terna-energy.com'],200
"['custserv@sportsendeavors.com', 'Team@SportsEndeavors.com']",200
"['mail@hkei.hk', 'customerservices@hkelectric.com', 'rtr@hkelectric.com', 'marketing@hkelectric.com', 'mail@hkelectric.com']",200
[],200
[],200
"['custserv@sportsendeavors.com', 'Team@SportsEndeavors.com']",200
"['Ravi@TourismTimes.org', 'info@TourismTimes.org']",200
[],200
[],200
[],200
"['custserv@sportsendeavors.com', 'Team@SportsEndeavors.com']",200
[],200
"['custserv@sportsendeavors.com', 'Team@SportsEndeavors.com']",200
[],200
[],200
[],200
[],200
[],200
[],200
"['example@example.com', 'inv_rel@tatamotors.com', 'ir_tml@tatamotors.com', 'tsrdljsr@tsrdarashaw.com', 'csg-unit@tsrdarashaw.com', 'tmlfd@tsrdarashaw.com', 'merchantbkg@vijayabank.co.in', 'tsrdlcal@tsrdarashaw.com', 'tsrdlbang@tsrdarashaw.com', 'minari@tatamotors.com', 'tsrdldel@tsrdarashaw.com', 'indiacorpcomm@tatamotors.com', 'shahconsultancy8154@gmail.com']",200
[],200
['1254564561231@airtricity.com'],200
[],200
[],200
[],200
[],200
"['globalte@africaonline.co.ke', 'purefryepz@yahoo.com', 'mohsin@crown.co.ke', 'epz@technorelief.com', 'idealsolutionsepz@gmail.com', 'info@wildlife-works.com', 'rob@africaonline.co.ke', 'biocorn@africaonline.co.ke', 'factory@kenit.com', 'general@alltexepz.com', 'info@global.co.ke', 'beepz@abextracts.com', 'tian97@hotmail.com', 'admin@ashton-apparel.com', 'sajantrdg@yahoo.com', 'mutua@gokalbeverages.com', 'kenroof@wananchi.com', 'mana.shah@metalrefineryepz.com', 'sales@spartanrelief.com', 'gtakenya@gtame.com', 'hama@africaonline.co.ke', 'tofinten@yahoo.com', 'info@kenyafluorspar.co.ke', 'ian.richter@ke.delarue.com', 'okl@olivado.com', 'asantecurio@yahoo.com', 'seniorbest.accounts@accesskenya.com', 'info@polymer.co.ke', 'mufaka@yahoo.fr', 'david.dickie@advanceaid.org', 'nmodi@royalgroupkenya.com', 'sudathperera@alltexepz.com', 'info@ecolifeconsultium.com', 'info@callcentreafrica.co.ke', 'iveeaqua@clubinternetk.com', 'erdemann@wananchi.com', 'et.kenya@hotmail.com', 'goldbell@nbi.ispkenya.com', 'metalrefinery@yahoo.com', 'benson@savannhcement.com', 'info@reltex.net', 'pnjenga@africaspirits.co.ke', 'info@spartanrelief.com', 'itkl@impratea.co.ke', 'import@newlandkenya.com', 'gopi@unitedaryan.net', 'pjdave@pjdaveepz.com', 'munkarhiro@yahoo.com', 'agkenya@gmail.com', 'info@gingerink.tv', 'patricia@royalgarmentepz.com', 'kewal@royalgarmentepz.com', 'algerasi@usa.com', 'savioalves@hotmail.com', 'accounts@shinace.co.ke', 'kenya@sinolinkepz.com', 'erdemann@yahoo.com', 'newland@nbi.ispkenya.com', 'pmd@nbi.ispkenya.com', 'sweetrusepz@gmail.com', 'textrade.msa@gmail.com', 'lakhani@swiftmombasa.com', 'avenue@avenue.co.ke', 'futuregarments09@yahoo.com', 'wronywang@hotmail.com', 'lycanenterprises@yahoo.com', 'pkariuki@tritonke.com', 'accounts@vermont-design.com', 'sysop@kapric.com', 'matrixgtkl@gmail.com', 'info@insta.co.ke', 'nodor@africaonline.co.ke', 'pwainaina@safaricom.co.ke', 'info@kencall.com', 'wayne.barratt@earthoil.com', 'info@indu-farm.com', 'protex@accesskenya.co.ke', 'info@nutro.co.ke', 'gm@hrcare-epz.com', 'info@gestopharma.com', 'amit@unitedaryan.net', 'goldcrownfoods@africaonline.co.ke', 'bluesky@africaonline.co.ke']",200
[],200
['CorporateCommunicatie@eneco.com'],200
[],200
['GELinfo@genlp.com'],200
"['enquiries@trustpower.co.nz', 'answerfeedback@trustpower.co.nz']",200
"['enquiries@trustpower.co.nz', 'answerfeedback@trustpower.co.nz']",200
"['nr@seenError', 'nr@context', 'nr@original', 'nr@wrapped', 'service@meridianenergy.co.nz']",200
['info@nzwindfarms.co.nz'],200
"['nr@seenError', 'nr@context', 'nr@original', 'nr@wrapped', 'service@meridianenergy.co.nz']",200
"['nr@seenError', 'nr@context', 'nr@original', 'nr@wrapped', 'service@meridianenergy.co.nz']",200
"['nr@seenError', 'nr@context', 'nr@original', 'nr@wrapped', 'service@meridianenergy.co.nz']",200
"['info@bnamericas.com', 'info@polarisgeothermal.com', 'dummy@dummy.cl', 'info@BNamericas.com']",200
['nr@context'],200
"['office@nixar.net', 'info@nixar24.com']",200
"['com.alibaba.intl.sourcing.udp.extend.domain.company.UdpCompanyTrademark@59ca5df', 'com.alibaba.intl.sourcing.udp.field.product.domain.UdpProductPropertyDO@19495ea', 'com.alibaba.intl.sourcing.udp.extend.domain.company.UdpCompanyCertificate@5b904cf', 'com.alibaba.intl.sourcing.udp.extend.domain.company.UdpProductCertificate@1dad', 'com.alibaba.intl.sourcing.udp.extend.domain.company.UdpCompanyCertificate@d1750a', 'com.alibaba.intl.sourcing.esite.url.model.SiteUrlGenerator@da6fce', 'com.alibaba.intl.sourcing.udp.extend.domain.company.UdpCompanyCertificate@3db0bfba', 'com.alibaba.intl.sourcing.udp.extend.domain.company.UdpCompanyCertificate@4ff2ba', 'com.alibaba.intl.sourcing.udp.extend.domain.company.UdpCompanyCertificate@3d4c26ad', 'com.alibaba.intl.sourcing.udp.extend.domain.company.UdpCompanyCertificate@78d', 'com.alibaba.intl.sourcing.udp.field.product.domain.ProductTagFacade@5bdc', 'com.alibaba.intl.sourcing.udp.field.product.domain.UdpProductImage@d0b7dd', 'com.alibaba.intl.sourcing.udp.extend.domain.company.UdpCompanyTrademark@31ea', 'com.alibaba.intl.sourcing.udp.extend.domain.company.UdpCompanyTrademark@6205f8f', 'com.alibaba.intl.sourcing.udp.extend.domain.company.UdpCompanyTrademark@1e2a97e', 'com.alibaba.intl.sourcing.udp.extend.domain.company.UdpCompanyCertificate@361e781e', 'com.alibaba.intl.sourcing.udp.field.product.domain.UdpProductPropertyDO@74663aa', 'com.alibaba.intl.sourcing.udp.field.product.domain.UdpProductPropertyDO@1bab3f', 'com.alibaba.intl.sourcing.udp.field.product.domain.UdpProductPropertyDO@59b946e', 'com.alibaba.intl.sourcing.udp.extend.domain.company.UdpCompanyTrademark@139504f', 'com.alibaba.intl.sourcing.udp.field.product.domain.UdpProductPropertyDO@a54b', 'com.alibaba.intl.sourcing.udp.extend.domain.company.UdpCommonImage@4f71a6b', 'com.alibaba.intl.sourcing.udp.extend.domain.company.UdpCompanyCertificate@70bf033e']",200
[],200
"['nr@seenError', 'nr@context', 'nr@original', 'nr@wrapped']",200
['contact@gatkorea.co.kr'],200
"['nr@seenError', 'nr@context', 'nr@original', 'nr@wrapped']",200
"['responsabilidadcorporativa@acciona.es', 'inversores@acciona.es', 'gabinetedeprensa@acciona.es', 'redessociales@acciona.com']",200
['c22b509a2a2844068e609ca596c6bbdc@sentry.io'],200
"['milos.sladecek@cez.cz', 'radim.kolacek@cez.cz', 'daniel.morys@cez.cz', 'fg@fg.cz', 'info_clg@cez.cz', 'andrea.janoskova@cez.cz', 'milan.drasta@cez.cz', 'lenka.olsarova@cez.cz', 'jan.barta@cez.cz', 'ales.damek@cez.cz', 'michal.rzyman@cez.cz', 'katerina.sikorova@cez.cz', 'zbynek.stachnik@cez.cz', 'renata.klimsova@cez.cz', 'drahomira.stefkova@cez.cz', 'jiri.jilek@cez.cz']",200
"['kirsten@windaba.co.za', 'leole@jade-sky.com', 'admin@sawea.co.za', 'yolanda@windaba.co.za']",200
[],200
"['paul.corrigan@mainstreamrp.com', 'bernard.casey@mainstreamrp.com', 'alan.mccarthy@mainstreamrp.com', 'alan.drew@mainstreamrp.com', 'aoife.mcmahon@mainstreamrp.com', 'emmet.curley@mainstreamrp.com', 'barry.odonnell@mainstreamrp.com', 'niamh.mcgrath@mainstreamrp.com', 'colin.murray@mainstreamrp.com', 'adam.bruce@mainstreamrp.com', 'mark.pearson@mainstreamrp.com', 'linda.thompson@mainstreamrp.com', 'careers@mainstreamrp.com', 'maria.ryan@mainstreamrp.com', 'name@email.com', 'lesley.oconnor@mainstreamrp.com', 'mark.kane@mainstreamrp.com']",200
"['custserv@sportsendeavors.com', 'Team@SportsEndeavors.com']",200
"['eemawanella@ceb.lk', 'eedia@sltnet.lk', 'eetrinco@ceb.lk', 'eekalmunai@ceb.lk', 'eekuliyapitiya@ceb.lk', 'cetangalle@ceb.lk', 'esapuraiown@ceb.lk', 'dgmnwp@ceb.lk', 'Centerhiripitiya@ceb.lk', 'nirosh.lakmal@ceb.lk', 'cebnwaraeliya@gmail.com', 'cecolsouth@ceb.lk', 'eedambulla@ceb.lk', 'eeginigathhena@gmail.com', 'eeeheliyagoda@ceb.lk', 'matara@ceb.lk', 'dgmcc@ceb.lk', 'esmihinthale@ceb.lk', 'eenarammala@ceb.lk', 'dgmwps2@ceb.lk', 'cecolwest@ceb.lk', 'eenegombo@sltnet.lk', 'cekurunegala@ceb.lk', 'Centermullaithive@ceb.lk', 'escomkalutara@ceb.lk', 'cschorana@ceb.lk', 'csborella@ceb.lk', 'cebiru@sltnet.lk', 'dgmcp@ceb.lk', 'maho@sltnet.lk', 'cscmillaniya@ceb.lk', 'cscingiriya@ceb.lk', 'cekandycity@ceb.lk', 'wari@sltnet.lk', 'Centerrideegama@ceb.lk', 'Centermannar@ceb.lk', 'gal@sltnet.lk', 'cejapura@ceb.lk', 'esgampola@ceb.lk', 'cebnegmin@ceb.lk', 'cscmonaragala@ceb.lk', 'nika@sltnet.lk', 'cecolnorth@ceb.lk', 'dgmuva@ceb.lk', 'dgmncp@ceb.lk', 'Centervavuniya@ceb.lk', 'cecoleast@ceb.lk', 'eehorana@ceb.lk', 'Centerpothuhuhera@ceb.lk', 'Centermankulam@ceb.lk', 'eebandaragama@ceb.lk', 'eekekirawa@ceb.lk', 'cematale@ceb.lk', 'cschatton@ceb.lk', 'eerpura@slt.lk', 'eejaffna@ceb.lk', 'eegampaha@ceb.lk', 'cscmaskeliya@ceb.lk', 'cebnegkat@sltnet.lk', 'eedambulla@gmail.com', 'eedehiwala@ceb.lk', 'eekalutara@ceb.lk', 'eeembilipitiya@ceb.lk', 'cscnortonbridge@ceb.lk', 'eehomagama@ceb.lk', 'cscthanamalwila@ceb.lk', 'cebnawalapitiya@ceb.lk', 'csmaradana@ceb.lk', 'eehambantota@ceb.lk', 'Centerkilinochchi@ceb.lk', 'ceb.vav@gmail.com', 'eebadulla@ceb.lk', 'Centervelanai@ceb.lk', 'eeanuradhapura@ceb.lk', 'eekahawatta@ceb.lk', 'esd1ccnr1@ceb.lk', 'ecitygampola@ceb.lk', 'eeminneriy@ceb.lk', 'Centerchava@ceb.lk', 'cscwellawaya@ceb.lk', 'dgmnp@ceb.lk', 'dgmsbp@ceb.lk', 'Centerkurunegalacity@ceb.lk', 'chunnakam@ceb.lk', 'Centergokarella@ceb.lk', 'esmedawach@ceb.lk', 'cebepbat@sltnet.lk', 'eekilinochchi@ceb.lk', 'dgmofficesp@ceb.lk', 'eegalagebara@gmail.com', 'eeavissawella@ceb.lk', 'cebnegngb@sltnet.lk', 'eegalle@ceb.lk', 'eeambalangoda@ceb.lk', 'esnawalapitiya@ceb.lk', 'cscbibila@ceb.lk', 'esnochch@ceb.lk', 'eeperadeniya@ceb.lk', 'cebep@sltnet.lk', 'dgmwps1@ceb.lk', 'eekegalle@ceb.lk', 'eemonaragala@ceb.lk', 'ponitpedro@ceb.lk', 'dgmep@ceb.lk', 'Centermallawapitiya@ceb.lk', 'eeampara@ceb.lk', 'gmwpn@ceb.lk', 'eebaddegama@ceb.lk', 'eskurunduwatta@ceb.lk', 'eeRatmalana@ceb.lk']",200
['nr@context'],200
"['nr@context', 'sales@researchmoz.us']",200
['info@arghavan.com.pk'],200
[],200
['dpsc@steg.com.tn'],200
['dpsc@steg.com.tn'],200
['nr@context'],200
"['scottish.power@achilles.com', 'supplier_purchasing@scottishpower.com']",200
[],200
[],200
[],200
[],200
[],200
[],200
[],200
[],200
[],200
[],200
[],403
[],200
[],200
['fsr@seawest.coop'],200
['fsr@seawest.coop'],200
['fsr@seawest.coop'],200
[],200
[],200
"['Info@caithnesslongisland.com', 'info@caithnesslongisland.com']",200
[],200
['contactwe@mail.we-energies.com'],200
[],200
[],200
[],200
"['custserv@sportsendeavors.com', 'Team@SportsEndeavors.com']",200
"['Info@caithnesslongisland.com', 'info@caithnesslongisland.com']",200
"['Info@caithnesslongisland.com', 'info@caithnesslongisland.com']",200
[],200
[],200
['qgccommunity@shell.com'],200
[],403
[],200
[],200
[],200
"['investors@aep.com', 'Customer_Service@aep.com', 'mediarelations@aep.com', 'educate@aep.com', 'corpcomm@aep.com']",200
['OMSales@edf-re.com'],200
['OMSales@edf-re.com'],200
['OMSales@edf-re.com'],200
"['custserv@sportsendeavors.com', 'Team@SportsEndeavors.com']",200
"['custserv@sportsendeavors.com', 'Team@SportsEndeavors.com']",200
[],200
[],200
[],200
[],403
[],200
[],200
[],200
[],200
[],200
"['custserv@sportsendeavors.com', 'Team@SportsEndeavors.com']",200
[],200
[],200
['bpconsum@bp.com'],200
[],200
[],200
[],200
[],200
[],200
[],200
[],200
[],200
[],200
"['custserv@sportsendeavors.com', 'Team@SportsEndeavors.com']",200
[],200
[],200
[],200
[],200
[],200
[],200
"['addressupdates@midamerican.com', 'EnergyExpert@midamerican.com', 'kmkunert@midamerican.com', 'procurement@midamerican.com']",200
[],200
[],200
[],200
[],200
[],200
[],200
['info@kazbrothers.net'],200
[],200
[],200
[],200
[],403
[],200
[],200
['info@hei.com'],200
"['ShellEnergyChina@shell.com', 'gasmarketingitaly@shell.com', 'NW-Power-Sales-SEE@shell.com', 'GasyElectricidad@shell.com', 'energieverkauf@shell.com', 'shellenergyeurope@shell.com']",200
['ajsuch@comcast.net'],200
[],200
[],200
[],200
[],403
[],200
[],200
[],200
[],200
[],200
[],200
[],200
[],200
[],200
[],200
[],200
[],200
"['Webmaster@GREnergy.com', 'engineering@usgweb.com', 'projects@grenergy.com', 'powerplant@grenergy.com', 'tours@grenergy.com', 'landrights@GREnergy.com']",200
[],200
[],200
[],200
[],200
[],200
"['humanresources@energy-northwest.com', 'PublicRecordsRequest@energy-northwest.com', 'webmaster@energy-northwest.com', 'info@energy-northwest.com', 'vlwatilo@energy-northwest.com', 'ammarkham@energy-northwest.com', 'krshaub@energy-northwest.com', 'mjpaoli@energy-northwest.com', 'ajhill@energy-northwest.com', 'jcdobken@energy-northwest.com', 'dmdale@energy-northwest.com', 'gasponholtz@energy-northwest.com', 'rashaff@energy-northwest.com', 'slschwartz@energy-northwest.com', 'envirolab@energy-northwest.com', 'calibration@energy-northwest.com', 'rarego@energy-northwest.com', 'liquiachon@energy-northwest.com', 'jfhuber@energy-northwest.com', 'adsmith@energy-northwest.com']",200
[],200
[],200
"['custserv@sportsendeavors.com', 'Team@SportsEndeavors.com']",200
"['hr@oces.com', 'sh@oces.com', 'info@oces.com']",200
['OMSales@edf-re.com'],200
[],200
"['recreation@pacificorp.com', 'staffing@pacificorp.com', 'property.management@pacificorp.com', 'acctspayhelp@PacifiCorp.com', 'benefits.services@pacificorp.com', 'david.holt@pacificorp.com', 'hrquestions@pacificorp.com', 'newsupplier@pacificorp.com', 'pacificorpfoundation@pacificorp.com']",200
[],200
[],403
"['pricing@gwii.com', 'orders@gwii.com', 'gwiSystems.support@gwii.com']",200
"['kratz@thebravogroup.com', 'info@caithnessmoxiefreedom.com']",200
['environment@scottishpower.com'],200
"['li@2x.png', 'yt@2x.png', 'fb@2x.png', 'logo@2x.png', 'tw@2x.png']",200
[],403
"['kratz@thebravogroup.com', 'info@caithnessmoxiefreedom.com']",200
[],200
[],403
[],200
[],200
[],200
[],200
[],200
[],403
[],200
[],200
['OMSales@edf-re.com'],200
['getstarted@solarenergyforlife.com'],200
[],200
[],200
[],200
[],200
[],200
[],200
[],200
[],200
[],200
[],403
[],200
[],200
[],200
[],200
[],200
[],200
[],200
"['investors@aep.com', 'Customer_Service@aep.com', 'mediarelations@aep.com', 'educate@aep.com', 'corpcomm@aep.com']",200
[],200
[],200
[],200
[],200
"['kratz@thebravogroup.com', 'info@caithnessmoxiefreedom.com']",200
[],200
[],200
[],200
[],200
[],200
[],200
[],200
['getstarted@solarenergyforlife.com'],200
[],200
[],200
[],200
[],200
[],200
[],200
[],200
[],200
[],200
"['custserv@sportsendeavors.com', 'Team@SportsEndeavors.com']",200
[],200
[],200
[],200
[],403
[],200
[],403
