A&N Electric Cooperative | A Touchstone Energy Cooperative,https://www.anec.com/,A&N Electric Cooperative contact
Contact Us - Adams-Columbia Electric Cooperative,https://www.acecwi.com/contact-us/,Adams-Columbia Electric Cooperative contact
Adams Electric Cooperative | Contact Us,http://www.adamselectric.coop/contact-us/,Adams Electric Cooperative contact
Albemarle EMC | Albemarle EMC,http://www.aemc.coop/,Albemarle Electric Membership Corporation contact
"Allegheny Electric Cooperative, Inc. - PREA",http://www.prea.com/Content/allegheny.asp,Allegheny Electric Cooperative contact
Arizona G&T Cooperatives,https://www.azgt.coop/,Arizona G&T Cooperatives contact
Contact Us | Arkansas Valley Electric Cooperative,http://www.avecc.com/contact-us/,Arkansas Valley Electric Cooperative contact
ashley-chicot.com - Electric Cooperatives of Arkansas,https://www.ashley-chicot.com/,Ashley-Chicot Electric Cooperative contact
Bailey County Electric Cooperative Association - Official Site,http://www.bcecoop.com/,Bailey County Electric Cooperative Association contact
Contact Us - Bandera Electric Cooperative,https://www.banderaelectric.com/about-us/contact-us/,Bandera Electric Cooperative contact
BARC: Contact - BARC Electric Cooperative,http://www.barcelectric.com/contact,BARC Electric Cooperative contact
"Bartlett Electric Cooperative: Login, Bill Pay, Customer ...",https://www.doxo.com/info/bartlett-electric-cooperative#!,Bartlett Electric Cooperative contact
Basin Electric Power Cooperative - Official Site,https://www.basinelectric.com/,Basin Electric Power Cooperative contact
"Welcome to Bedford Rural Electric Cooperative, Inc.",http://bedfordrec.com/,Bedford Rural Electric Cooperative contact
Contact Us | Big Country Electric Cooperative,http://www.bigcountry.coop/content/contact-us,Big Country Electric Cooperative contact
Blue Ridge Energy,https://www.blueridgeenergy.com/,Blue Ridge Energy contact
Bluebonnet Electric Cooperative - Contact Us,https://www.bluebonnetelectric.coop/About/Contact-Us,Bluebonnet Electric Cooperative contact
Bowie-Cass Electric Cooperative - Official Site,http://www.bcec.com/,Bowie-Cass Electric Cooperative contact
"Contact Us - Brazos Electric Power Cooperative, Inc.",http://www.brazoselectric.com/contactus.asp,Brazos Electric Power Cooperative contact
BEMC - Official Site,http://www.bemc.org/,Brunswick Electric Membership Corporation contact
Contact Us | Burlington Electric Department,https://www.burlingtonelectric.com/contact,Burlington Electric Department contact
"C&L Electric Cooperative: Login, Bill Pay, Customer ...",https://www.doxo.com/info/cl-electric-coop#!,C&L Electric Cooperative contact
Contact Us | Cape Hatteras Electric Cooperative,https://www.chec.coop/content/contact-us,Cape Hatteras Electric Cooperative contact
Capital Electric Cooperative - Official Site,http://capitalelec.com/,Capital Electric Cooperative contact
"Contact Us | Carroll Electric Cooperative, Inc.",http://www.cecpower.coop/content/contact-us,Carroll Electric Cooperative contact
"Welcome | Carroll Electric Cooperative, Inc.",http://www.cecpower.coop/,Carroll Electric Cooperative (Ohio) contact
Contact Us | Carteret-Craven Electric Cooperative,http://carteretcravenelectric.coop/ContactUs,Carteret-Craven Electric Cooperative contact
Cass County Electric Cooperative | A Touchstone Energy ...,https://kwh.com/,Cass County Electric Cooperative contact
"Cavalier Rural Electric Cooperative: Login, Bill Pay ...",https://www.doxo.com/info/cavalier-rural-electric-coop#!,Cavalier Rural Electric Cooperative contact
CAEC - Official Site,http://caec.coop/,Central Alabama Electric Cooperative contact
Central Electric - Official Site,http://www.central.coop/,Central Electric Cooperative contact
Central Electric Membership Corporation North Carolina,http://centralelectriconline.com/,Central Electric Membership Corporation contact
Home | Central Florida Electric Cooperative,https://www.cfec.com/#!,Central Florida Electric Cooperative contact
"Contact Us | Central Power Electric Cooperative, Inc.",http://www.centralpwr.com/content/contact-us-0,Central Power Electric Cooperative contact
Central Rural Electric Cooperative - Official Site,http://www.crec.coop/,Central Rural Electric Cooperative contact
CTEC - Official Site,http://www.ctec.coop/,Central Texas Electric Cooperative contact
Cherokee County Electric Cooperative Association | Rusk TX ...,http://cceca.net/,Cherokee County Electric Cooperative contact
CHELCO Highlights | CHELCO,http://chelco.com/,Choctawhatchee Electric Cooperative contact
Contact Us | Choptank Electric Cooperative,http://choptankelectric.com/content/contact-us,Choptank Electric Cooperative contact
City Utilities of Springfield - Official Site,https://www.cityutilities.net/,City Utilities of Springfield contact
Contact Us | Claverack Rural Electric Cooperative,http://www.claverack.com/content/contact-us,Claverack Rural Electric Cooperative contact
Contact Us - Clay County Electric Cooperative,http://www.claycountyelectric.com/contact-us,Clay County Electric Cooperative contact
Clay Electric,https://www.clayelectric.com/,Clay Electric Cooperarive (Florida) contact
Clay Electric,https://www.clayelectric.com/,Clay Electric Cooperative (Illinois) contact
Contact Us | Coleman County Electric Cooperative,https://www.colemanelectric.org/content/contact-us,Coleman County Electric Cooperative contact
Contact Us | Comanche Electric Cooperative,http://www.ceca.coop/content/contact-us,Comanche Electric Cooperative contact
Contact Us | Community Electric Cooperative,http://www.comelec.coop/content/contact-us,Community Electric Cooperative contact
Concho Valley Electric Cooperative | Concho Valley ...,https://www.cvec.coop/,Concho Valley Electric Cooperative contact
Cooke County Electric Cooperative - Official Site,http://cceca.com/,Cooke County Electric Cooperative contact
Contact Us - CoServ Electric,https://www.coserv.com/Contact-Us,CoServ Electric contact
Craig Botetourt Electric Cooperative - NEWS,http://www.cbec.coop/,Craig-Botetourt Electric Cooperative contact
Craighead Electric Cooperative - Official Site,http://craigheadelectric.coop/,Craighead Electric Cooperative contact
Contact Us :: Dairyland Power Cooperative,http://www.dairylandpower.com/contact_us/,Dairyland Power Cooperative contact
Contact Us | Dakota Valley Electric Cooperative,http://dakotavalley.com/content/contact-us,Dakota Valley Electric Cooperative contact
Deaf Smith Electric Cooperative - Official Site,https://www.deafsmith.coop/,Deaf Smith Electric Cooperative contact
Deep East Texas Electric Cooperative - Official Site,http://www.deepeast.com/,Deep East Texas Electric Cooperative contact
Contact Us or Update Your Information | Delaware Electric ...,https://www.delaware.coop/form/contact-us-or-update-your-information%20,Delaware Electric Cooperative contact
ememc - Quicklinks,http://www.ememc.com/,Edgecombe-Martin County Electric Membership Corporation contact
Contact Us 24 hours a day! | EnergyUnited,https://www.energyunited.com/contact/,EnergyUnited contact
Escambia River Electric Cooperative,https://www.erec.com/,Escambia River Electric Cooperative contact
Welcome | Fannin County Electric Cooperative,http://www.fcec.coop/,Fannin County Electric Cooperative contact
Farmers Electric Cooperative,http://www.farmersecc.com/,Farmers Electric Cooperative (Arkansas) contact
Farmers Electric Cooperative Electricity Co-Op Texas ...,http://www.fecelectric.com/,Farmers Electric Cooperative (Texas) contact
Welcome to Fayette Electric Cooperative Inc.,https://www.fayette.coop/,Fayette Electric Cooperative contact
Contact Us - First Electric Cooperative,https://www.firstelectric.coop/contact-us,First Electric Cooperative (Arkansas) contact
Flathead Electric Cooperative - Official Site,https://www.flatheadelectric.com/,Flathead Electric Cooperative (Montana) contact
CONTACT - Florida Keys Electric Cooperative,https://www.fkec.com/contact.cfm,Florida Keys Electric Cooperative contact
Fort Belknap Electric Cooperative - Official Site,http://fortbelknapec.com/,Fort Belknap Electric Cooperative contact
Four County EMC - Official Site,http://www.fourcty.org/,Four County Electric Membership Corporation contact
French Broad EMC - Official Site,http://frenchbroademc.com/,French Broad Electric Membership Corporation contact
Glades Electric Cooperative,https://www.gladesec.com/,Glades Electric Cooperative contact
Grayson-Collin Electric Cooperative - Official Site,http://www.grayson-collin.coop/,Grayson-Collin Electric Cooperative contact
Contact us | Great River Energy,http://greatriverenergy.com/contact-us/,Great River Energy contact
Greenbelt Electric Cooperative - Official Site,http://greenbeltelectric.coop/,Greenbelt Electric Cooperative contact
Gulf Coast Electric Cooperative - Login,https://billing.gcec.com/gcec/login.jsp,Gulf Coast Electric Cooperative contact
Halifax Electric Membership Corporation - Official Site,http://www.halifaxemc.com/,Halifax Electric Membership Corporation contact
"Harrison Rural Electrification Association, Inc. - Official Site",http://www.harrisonrea.com/,Harrison Rural Electrification (West Virginia) contact
Contact Us | Haywood Electric Membership Corporation,https://www.haywoodemc.com/content/contact-us,Haywood Electric Membership Corporation contact
HILCO Electric Cooperative - Official Site,https://hilco.coop/,HILCO Electric Cooperative contact
Jemez Mountains Electric Cooperative - Official Site,http://www.jemezcoop.org/,Jemez Mountains Electric Cooperative contact
Jones-Onslow Electric Membership Corp.,https://www.joemc.com/,Jones-Onslow Electric Membership Corporation contact
Welcome | Kauai Island Utility Cooperative,http://www.kiuc.coop/,Kaua Island Utility Cooperative contact
"Serving Since April 2, 1949 | KEM Electric Cooperative, Inc.",http://kemelectric.com/,KEM Electric Cooperative contact
LCEC - Official Site,https://www.lcec.net/,Lee County Electric Cooperative contact
Lumbee River Electric Membership Corporation - Official Site,http://www.lumbeeriver.com/,Lumbee River Electric Membership Corporation contact
Lyntegar Electric Cooperative Inc - Official Site,http://lyntegar.coop/,"Lyntegar Electric Cooperative, Inc. contact"
WELCOME | McKenzie Electric,http://www.mckenzieelectric.com/,McKenzie Electric Cooperative contact
"Contact Us | McLean Electric Cooperative, Inc.",http://www.mcleanelectric.coop/content/contact-us,McLean Electric Cooperative contact
Mecklenburg Electric Cooperative | A Touchstone Energy ...,http://www.meckelec.org/,Mecklenberg Electric Cooperative contact
Home | Minnkota Power Cooperative,http://www.minnkota.com/,Minnkota Power Cooperative contact
Mississippi County Electric Cooperative - Official Site,http://www.mceci.com/,Mississippi County Electric Cooperative contact
Welcome | Mor-Gran-Sou Electric Cooperative,http://www.morgransou.com/,Mor-Gran-Sou Electric Cooperative contact
Navopache Electric - Official Site,http://www.navopache.org/,Navopache Electric Cooperative contact
Welcome to New Enterprise REC | New Enterprise Rural ...,http://newenterpriserec.com/,New Enterprise Rural Electric Cooperative contact
Garmong Construction Services | NineStar Connect (Formerly ...,https://www.garmong.net/additional/ninestar-connect/,NineStar Connect (formerly Central Indiana Power) contact
Contact Nodak Electric Cooperative,https://www.nodakelectric.com/contact/,Nodak Electric Cooperative contact
North Arkansas Electric Cooperative - Contact,http://www.naeci.com/contact,North Arkansas Electric Cooperative contact
North Carolina Electric Membership Corporation,http://www.ncemcs.com/about/ncemc.htm,North Carolina Electric Membership Corporation contact
"Latest News | North Central Electric Cooperative, Inc.",http://www.ncelec.org/,North Central Electric Cooperative contact
Contact Us | Northern Electric Cooperative,https://www.northernelectric.coop/content/contact-us,Northern Electric Cooperative contact
Contact Us | Northern Neck Electric Cooperative,http://www.nnec.coop/content/contact-us,Northern Neck Electric Cooperative contact
Contact Us | Northern Plains Electric Cooperative,http://www.nplains.com/content/contact-us,Northern Plains Electric Cooperative contact
NOVEC Home Page,https://www.novec.com/,Northern Virginia Electrical Cooperative contact
Northwestern REC - Official Site,https://www.northwesternrec.com/,Northwestern Rural Electric Cooperative contact
Ohio's Electric Cooperatives | Your Touchstone Energy ...,https://ohioec.org/,Ohio Rural Electric Cooperatives contact
OKEFENOKE remc - Official Site,https://oremc.com/,Okefenoke Rural Electric Membership Corporation contact
Contact | Old Dominion Electric Cooperative (ODEC),http://www.odec.com/contact/,Old Dominion Electric Cooperative contact
Oliver-Mercer Electric Cooperative - Wikipedia,https://en.wikipedia.org/wiki/Oliver-Mercer_Electric_Cooperative,Oliver-Mercer Electric Cooperative contact
otecc.com - Official Site,http://www.otecc.com/,Oregon Trail Electric Cooperative contact
Ouachita Electric Cooperative,https://oecc.com/,Ouachita Electric Cooperative contact
Contact Us - Ozarks Electric Cooperative,https://www.ozarksecc.com/contact-us,Ozarks Electric Cooperative contact
PRECO,http://www.preco.coop/,Peace River Electric Cooperative contact
"Contact Us - Pedernales Electric Cooperative, Inc.",https://www.pec.coop/about-us/contact-us/,Pedernales Electric Cooperative contact
Welcome to Pee Dee Electric | Pee Dee Electric,http://pdemc.com/,Pee Dee Electric Membership Corporation contact
Petit Jean Electric Cooperative - Official Site,http://www.pjecc.com/,Petit Jean Electric Cooperative contact
Piedmont Electric Membership Corporation,https://pemc.coop/,Piedmont Electric Membership Corporation contact
Electric Membership Corporation | Pitt and Greene,https://www.pgemc.com/,Pitt & Greene Electric Membership Corporation contact
PowerSouth Energy Cooperative - Official Site,http://www.powersouth.com/,PowerSouth Energy Cooperative contact
Prince George Electric Cooperative | A Touchstone Energy ...,https://www.pgec.coop/,Prince George Electric Cooperative contact
Randolph Electric Membership Corporation - Official Site,https://randolphemc.com/,Randolph Electric Membership Corporation contact
REC - Official Site,http://www.myrec.coop/,Rappahannock Electric Cooperative contact
REA Energy | Proudly Serving Members for Over 75 Years,http://www.reaenergy.com/,REA Energy Cooperative contact
"Rich Mountain Electric Cooperative: Login, Bill Pay ...",https://www.doxo.com/info/rich-mountain-electric-cooperative#!,Rich Mountain Electric Cooperative contact
Welcome | Richland Electric Cooperative,http://www.rec.coop/,Richland Electric Cooperative contact
Contact Us | Roanoke Electric Cooperative,https://www.roanokeelectric.com/content/contact-us-0,Roanoke Electric Cooperative contact
Contact Us | Rutherford Electric Membership Corporation,http://www.remc.com/contact-us/,Rutherford Electric Membership Corporation contact
Seminole Electric Cooperative,http://www.seminole-electric.com/,Seminole Electric Cooperative contact
Contact Us - Shenandoah Valley Electric Cooperative - Home,http://www.svec.coop/Office-Hours-Locations/Contact-Us.aspx,Shenandoah Valley Electric Cooperative contact
somerset-rec,http://www.somersetrec.com/,Somerset Rural Electric Cooperative contact
Welcome | South Central Arkansas Electric Cooperative,https://www.scaec.com/,South Central Arkansas Electric Cooperative contact
South River EMC - Official Site,http://www.sremc.com/,South River Electric Membership Corporation contact
Southern Maryland Electric Cooperative - Official Site,https://www.smeco.coop/,Southern Maryland Electric Cooperative contact
SEC - Official Site,http://www.sec.coop/,Southside Electric Cooperative contact
Southwest Arkansas Electric Cooperative - Official Site,http://www.swrea.com/,Southwest Arkansas Electric Cooperative contact
SCREC - Official Site,http://screc.com/,Sullivan County Rural Electric Cooperative contact
SECO Energy � One of the Nation�s largest electric ...,https://secoenergy.com/,Sumter Electric Cooperative contact
Surry-Yadkin EMC - Official Site,http://www.syemc.com/,Surry-Yadkin Electric Membership Corporation contact
Contact Us | Sussex Rural Electric Cooperative,http://www.sussexrec.com/content/contact-us,Sussex Rural Electric Cooperative contact
Contact - Suwannee Valley Electric Cooperative,https://svec-coop.com/contact.html,Suwannee Valley Electric Cooperative contact
Talquin Electric Cooperative,https://www.talquinelectric.com/,Talquin Electric Cooperative contact
Tideland EMC - Official Site,http://www.tidelandemc.com/,Tideland Electric Membership Corporation contact
Contact - Touchstone Energy,https://www.touchstoneenergy.com/contact/,Touchstone Energy contact
Tri-County Electric Membership Corporation | A Touchstone ...,https://tcemc.com/,Tri-County Electric Membership Corporation contact
Contact Us | Tri-County Electric Cooperative,https://tri-countyelectric.net/about-us/contact-us/,Tri-County Electric Cooperative contact
Tri County REC - Official Site,http://www.tri-countyrec.com/,Tri-County Rural Electric Cooperative contact
Union Power Cooperative - Official Site,https://union-power.com/,Union Power Cooperative contact
Contact Us | United Electric Cooperative,http://www.ueci.coop/content/contact-us,United Electric Cooperative contact
Contact Information | Valley Rural Electric Cooperative Inc.,http://www.valleyrec.com/content/contact-info,Valley Rural Electric Cooperative contact
Contact Us | Verendrye Electric Cooperative,https://www.verendrye.com/content/contact-us,Verendrye Electric Cooperative contact
Contact Us - Vermont Electric Coop,https://www.vermontelectric.coop/about-us/contact-us,Vermont Electric Cooperative contact
Home - Wabash Valley Power Association,https://www.wvpa.com/,Wabash Valley Power Association contact
Wake EMC,https://wemc.com/,Wake Electric Membership Corporation contact
Warren Electric Cooperative | A Touchstone Energy Cooperative,http://www.warrenec.coop/,Warren Electric Cooperative contact
West Florida - Official Site,https://www.westflorida.coop/,West Florida Electric Cooperative contact
Contact Us - Wiregrass Electric Cooperative,https://www.wiregrass.coop/contact/,Wiregrass Electric Cooperative contact
"Contact Us - Withlacoochee River Electric Cooperative, Inc ...",https://www.wrec.net/contact-us,Withlacoochee River Electric Cooperative contact
Woodruff Electric Cooperative | eBusiness,https://ebiz.woodruffelectric.com/,Woodruff Electric Cooperative contact
