Afghanistan (1),http://www.datacentermap.com/afghanistan/
Algeria (1),http://www.datacentermap.com/algeria/
Angola (3),http://www.datacentermap.com/angola/
Argentina (11),http://www.datacentermap.com/argentina/
Australia (105),http://www.datacentermap.com/australia/
Austria (17),http://www.datacentermap.com/austria/
Azerbaijan (3),http://www.datacentermap.com/azerbaijan/
Bahrain (2),http://www.datacentermap.com/bahrain/
Bangladesh (3),http://www.datacentermap.com/bangladesh/
Belarus (2),http://www.datacentermap.com/belarus/
Belgium (32),http://www.datacentermap.com/belgium/
Bermuda (1),http://www.datacentermap.com/bermuda/
Bolivia (2),http://www.datacentermap.com/bolivia/
Bosnia And Herzegovina (1),http://www.datacentermap.com/bosnia-and-herzegovina/
Brazil (41),http://www.datacentermap.com/brazil/
Bulgaria (20),http://www.datacentermap.com/bulgaria/
Cambodia (4),http://www.datacentermap.com/cambodia/
Canada (162),http://www.datacentermap.com/canada/
Cayman Islands (2),http://www.datacentermap.com/cayman-islands/
Chile (9),http://www.datacentermap.com/chile/
China (74),http://www.datacentermap.com/china/
Colombia (6),http://www.datacentermap.com/colombia/
Costa Rica (7),http://www.datacentermap.com/costa-rica/
Croatia (5),http://www.datacentermap.com/croatia/
Cyprus (13),http://www.datacentermap.com/cyprus/
Czech Republic (24),http://www.datacentermap.com/czech-republic/
Denmark (29),http://www.datacentermap.com/denmark/
Dr Congo (1),http://www.datacentermap.com/dr-congo/
Ecuador (1),http://www.datacentermap.com/ecuador/
Egypt (12),http://www.datacentermap.com/egypt/
Estonia (10),http://www.datacentermap.com/estonia/
Finland (18),http://www.datacentermap.com/finland/
France (143),http://www.datacentermap.com/france/
French Polynesia (1),http://www.datacentermap.com/french-polynesia/
Georgia (3),http://www.datacentermap.com/georgia/
Germany (186),http://www.datacentermap.com/germany/
Ghana (2),http://www.datacentermap.com/ghana/
Gibraltar (5),http://www.datacentermap.com/gibraltar/
Greece (14),http://www.datacentermap.com/greece/
Greenland (1),http://www.datacentermap.com/greenland/
Guatemala (1),http://www.datacentermap.com/guatemala/
Guernsey (3),http://www.datacentermap.com/guernsey/
Hong Kong (50),http://www.datacentermap.com/hong-kong/
Hungary (8),http://www.datacentermap.com/hungary/
Iceland (5),http://www.datacentermap.com/iceland/
India (138),http://www.datacentermap.com/india/
Indonesia (38),http://www.datacentermap.com/indonesia/
Iran (20),http://www.datacentermap.com/iran/
Ireland (22),http://www.datacentermap.com/ireland/
Isle Of Man (3),http://www.datacentermap.com/isle-of-man/
Israel (9),http://www.datacentermap.com/israel/
Italy (65),http://www.datacentermap.com/italy/
Japan (43),http://www.datacentermap.com/japan/
Jersey (5),http://www.datacentermap.com/jersey/
Jordan (5),http://www.datacentermap.com/jordan/
Kazakhstan (1),http://www.datacentermap.com/kazakhstan/
Kenya (6),http://www.datacentermap.com/kenya/
Kuwait (3),http://www.datacentermap.com/kuwait/
Latvia (17),http://www.datacentermap.com/latvia/
Lebanon (1),http://www.datacentermap.com/lebanon/
Libya (1),http://www.datacentermap.com/libya/
Liechtenstein (2),http://www.datacentermap.com/liechtenstein/
Lithuania (11),http://www.datacentermap.com/lithuania/
Luxembourg (15),http://www.datacentermap.com/luxembourg/
Macau (1),http://www.datacentermap.com/macau/
Macedonia (4),http://www.datacentermap.com/macedonia/
Malaysia (29),http://www.datacentermap.com/malaysia/
Malta (8),http://www.datacentermap.com/malta/
Mauritius (7),http://www.datacentermap.com/mauritius/
Mexico (11),http://www.datacentermap.com/mexico/
Moldova (1),http://www.datacentermap.com/moldova/
Montenegro (2),http://www.datacentermap.com/montenegro/
Morocco (5),http://www.datacentermap.com/morocco/
Nepal (5),http://www.datacentermap.com/nepal/
Netherlands Antilles (1),http://www.datacentermap.com/netherlands-antilles/
New Caledonia (1),http://www.datacentermap.com/new-caledonia/
New Zealand (30),http://www.datacentermap.com/new-zealand/
Nicaragua (2),http://www.datacentermap.com/nicaragua/
Nigeria (7),http://www.datacentermap.com/nigeria/
Norway (28),http://www.datacentermap.com/norway/
Oman (1),http://www.datacentermap.com/oman/
Pakistan (17),http://www.datacentermap.com/pakistan/
Palestine (1),http://www.datacentermap.com/palestine/
Panama (6),http://www.datacentermap.com/panama/
Paraguay (1),http://www.datacentermap.com/paraguay/
Peru (1),http://www.datacentermap.com/peru/
Philippines (3),http://www.datacentermap.com/philippines/
Poland (31),http://www.datacentermap.com/poland/
Portugal (26),http://www.datacentermap.com/portugal/
Puerto Rico (2),http://www.datacentermap.com/puerto-rico/
Qatar (3),http://www.datacentermap.com/qatar/
Reunion (1),http://www.datacentermap.com/reunion/
Romania (46),http://www.datacentermap.com/romania/
Russia (52),http://www.datacentermap.com/russia/
Saudi Arabia (18),http://www.datacentermap.com/saudi-arabia/
Serbia (2),http://www.datacentermap.com/serbia/
Singapore (28),http://www.datacentermap.com/singapore/
Slovakia (14),http://www.datacentermap.com/slovakia/
Slovenia (7),http://www.datacentermap.com/slovenia/
South Africa (21),http://www.datacentermap.com/south-africa/
South Korea (15),http://www.datacentermap.com/south-korea/
Spain (57),http://www.datacentermap.com/spain/
Suriname (2),http://www.datacentermap.com/suriname/
Sweden (52),http://www.datacentermap.com/sweden/
Switzerland (75),http://www.datacentermap.com/switzerland/
Taiwan (9),http://www.datacentermap.com/taiwan/
Tanzania (1),http://www.datacentermap.com/tanzania/
Thailand (15),http://www.datacentermap.com/thailand/
The Bahamas (2),http://www.datacentermap.com/the-bahamas/
The Netherlands (95),http://www.datacentermap.com/the-netherlands/
Trinidad And Tobago (1),http://www.datacentermap.com/trinidad-and-tobago/
Tunisia (1),http://www.datacentermap.com/tunisia/
Turkey (44),http://www.datacentermap.com/turkey/
Ukraine (32),http://www.datacentermap.com/ukraine/
United Arab Emirates (8),http://www.datacentermap.com/united-arab-emirates/
United Kingdom (247),http://www.datacentermap.com/united-kingdom/
Uruguay (7),http://www.datacentermap.com/uruguay/
Us Virgin Islands (1),http://www.datacentermap.com/us-virgin-islands/
USA (1704),http://www.datacentermap.com/usa/
Venezuela (3),http://www.datacentermap.com/venezuela/
Vietnam (9),http://www.datacentermap.com/vietnam/
