Aaron,,,
abolish,"When you abolish something, you end it by making it invalid or illegal. You usually use the word ""abolish"" in regard to laws or actions.
The censorship law was abolished due to huge opposition by many people.",https://simple.wiktionary.org/wiki/File:En-us-abolish.ogg,VerbsRegular verbs
above,,,
Abraham,,,
absent,,,
absolute,,,
absorb,,,
absorbent,,,
abstract,,,
accomplish,,,
accumulate,,,
acoustic,,,
active,,,
addict,,,
addictive,,,
adds,,,
administrative,,,
admire,,,
admires,,,
admits,,,
adopt,,,
adopted,,,
adore,,,
advertise,,,
affordable,,,
against,,,
agony,,,
agreeable,,,
aided,,,
aim,,,
Al,,,
algae,,,
alien,,,
align,,,
almond,,,
alpha,,,
already,,,
alter,,,
although,,,
among,,,
amp,,,
amputate,,,
amuse,,,
angle,,,
Anne,,,
annoy,,,
anoint,,,
antenna,,,
antique,,,
anywhere,,,
ape,,,
apology,,,
Apostles,,,
appeal,,,
appear,,,
appendix,,,
apple,,,
apply,,,
approach,,,
approaching,,,
approve,,,
April,,,
aquarium,,,
archery,,,
arrest,,,
artist,,,
artistic,,,
asphalt,,,
assign,,,
astound,,,
athletic,,,
Atlanta,,,
Atlantic,,,
attentive,,,
attractively,,,
authentic,,,
author,,,
authority,,,
authorize,,,
autograph,,,
autographs,,,
automatic,,,
autopsy,,,
autumn,,,
available,,,
awning,,,
awoke,,,
bab,,,
babe,,,
Babs,,,
background,,,
badminton,,,
baf,,,
baff,,,
bag,,,
baggy,,,
bags,,,
Bailey's,,,
bait,,,
bakes,,,
bald,,,
baldness,,,
bale,,,
ball,,,
balmy,,,
ban,,,
banana,,,
band,,,
bandit,,,
bankrupt,,,
barber,,,
bark,,,
Barney's,,,
barrel,,,
barrels,,,
barren,,,
basement,,,
basic,,,
bath,,,
bathe,,,
bathrobe,,,
bathroom,,,
batter,,,
bawl,,,
bay,,,
beaten,,,
beautiful,,,
beds,,,
beech,,,
begs,,,
belch,,,
belief,,,
bells,,,
belt,,,
Ben,,,
bend,,,
berm,,,
Bernard,,,
berry,,,
Bess s,,,
Betty,,,
bib,,,
Bible,,,
bibs,,,
bid,,,
bilk,,,
billion,,,
billionth,,,
Bill s,,,
bim,,,
bind,,,
binge,,,
biology,,,
bip,,,
bird,,,
biscuit,,,
bite,,,
bites,,,
bits,,,
blades,,,
Blake,,,
blanch,,,
blank,,,
blarney,,,
blast,,,
blaze,,,
bleach,,,
bleat,,,
bleed,,,
blemish,,,
blen,,,
blend,,,
blesses,,,
blew,,,
blight,,,
blimp,,,
blink,,,
blinks,,,
blister,,,
blond,,,
blood,,,
blot,,,
blow,,,
blown,,,
blows,,,
bluff,,,
blun,,,
blunt,,,
blur,,,
blurb,,,
blurted,,,
blush,,,
boa,,,
boast,,,
Bogey's,,,
bomb,,,
bond,,,
bonfire,,,
bonus,,,
bony,,,
book,,,
booklet,,,
boost,,,
boot,,,
born,,,
bosk,,,
bosses,,,
boss s,,,
bot,,,
botches,,,
boulder,,,
boxes,,,
boy,,,
Boyd s,,,
boyish,,,
braids,,,
brain,,,
brakes,,,
branch,,,
branches,,,
brash,,,
brass,,,
brat,,,
brats,,,
Braves,,,
brays,,,
break,,,
breathless,,,
breaths,,,
bred,,,
breeches,,,
brewing,,,
Brian,,,
brick,,,
bricks,,,
bride s,,,
bridge,,,
brief,,,
brig,,,
brighten,,,
brighter,,,
brisk,,,
bristle,,,
britches,,,
British,,,
broiler,,,
brom,,,
Brook s,,,
brow,,,
brown,,,
brush,,,
brute,,,
Bryce,,,
bub,,,
buck,,,
buds,,,
buggy,,,
bugle,,,
building,,,
bulky,,,
bum,,,
bumped,,,
bun,,,
bunches,,,
bunk,,,
bunt,,,
Burl,,,
burn,,,
burp,,,
burst,,,
bush,,,
bushels,,,
butt,,,
byte,,,
cable,,,
caffeine,,,
cage,,,
Calculus,,,
calendar,,,
calf,,,
calm,,,
camera,,,
campaign,,,
campus,,,
cancer,,,
candidly,,,
candles,,,
cane,,,
canopy,,,
cap,,,
capable,,,
cape,,,
capsize,,,
captive,,,
carbon,,,
card,,,
cardiac,,,
Carey's,,,
cargo,,,
Carla,,,
carp,,,
carpet,,,
carton,,,
carve,,,
case,,,
Casey,,,
cashes,,,
cask,,,
casual,,,
catholic,,,
cats,,,
cattle,,,
cav,,,
ceiling,,,
Celeste,,,
celibacy,,,
cell,,,
cellular,,,
Celsius,,,
cement,,,
cemetery,,,
centerpiece,,,
central,,,
century,,,
certain,,,
certainly,,,
certify,,,
cervical,,,
chalk,,,
champ,,,
champion,,,
chapel,,,
chaps,,,
charmed,,,
charmless,,,
chase,,,
cheapen,,,
cheek,,,
cheese,,,
chess,,,
chew,,,
child s,,,
chilly,,,
chin,,,
Chip,,,
chipmunk,,,
chips,,,
chirp,,,
choice,,,
choke,,,
chong,,,
chosen,,,
chow,,,
Christmas,,,
chuckle,,,
chug,,,
chum,,,
chunk,,,
cider,,,
cigar,,,
cigarette,,,
cigarettes,,,
Cinderella,,,
Cindy,,,
cinema,,,
cinnamon,,,
circle,,,
circumstances,,,
circus,,,
citizen,,,
citizens,,,
citrus,,,
city,,,
civic,,,
civilians,,,
claiming,,,
clamp,,,
clan,,,
classmates,,,
claw,,,
cleaned,,,
cleared,,,
cleats,,,
clef,,,
clen,,,
clenched,,,
click,,,
clicks,,,
climbed,,,
clinch,,,
cling,,,
clip,,,
clocks,,,
clog,,,
clop,,,
closes,,,
clothe,,,
cloths,,,
cloud,,,
cloudy,,,
clown,,,
clowned,,,
clubs,,,
clue,,,
clues,,,
clum,,,
clump,,,
clutch,,,
coal,,,
coax,,,
coconut,,,
cod,,,
coexist,,,
coil,,,
coin,,,
coke,,,
collectively,,,
collects,,,
collide,,,
columnist,,,
comb,,,
comic,,,
comment,,,
commented,,,
communist,,,
companion,,,
compare,,,
compartment,,,
compliment,,,
compose,,,
compound,,,
con,,,
condone,,,
conduct,,,
confuse,,,
congressman,,,
connective,,,
conquer,,,
constantly,,,
constructively,,,
content,,,
contest,,,
contestant,,,
contractor,,,
contracts,,,
contrive,,,
convict,,,
cooked,,,
cooled,,,
cooped,,,
Cooper,,,
cooperate,,,
corduroy,,,
Corky,,,
corral,,,
correspond,,,
costs,,,
costume,,,
cots,,,
couch,,,
cougar,,,
count,,,
counter,,,
coupon,,,
court,,,
cove,,,
covers,,,
cow,,,
coy,,,
cozy,,,
crabs,,,
crackle,,,
cracks,,,
cradle,,,
crafted,,,
crag,,,
cram,,,
cramp,,,
cran,,,
crash,,,
crave,,,
crawled,,,
crawling,,,
creak,,,
creaks,,,
create,,,
creating,,,
credit,,,
creek,,,
creep,,,
crept,,,
crib,,,
crim,,,
crime,,,
crisp,,,
critic,,,
croak,,,
crook,,,
crossfire,,,
crotch,,,
crouch,,,
crud,,,
cruel,,,
cruelty,,,
cruise,,,
crunch,,,
crutch,,,
cry,,,
cryptic,,,
crystallize,,,
crystals,,,
cub,,,
cube,,,
cubic,,,
cucumber,,,
cuddle,,,
cuff,,,
cupcakes,,,
cupful,,,
cups,,,
curl,,,
currant,,,
current,,,
cuss,,,
cussed,,,
customer,,,
cuts,,,
daddy,,,
daf,,,
daff,,,
Dale s,,,
dam,,,
Daniel,,,
dank,,,
dap,,,
dapt,,,
darling,,,
dates,,,
daughter,,,
daunt,,,
Dave s,,,
daylight,,,
dead,,,
dean,,,
dear,,,
Debby,,,
decade,,,
decal,,,
decides,,,
deck,,,
decode,,,
deduct,,,
deed,,,
defend,,,
defensive,,,
deferment,,,
definitely,,,
deft,,,
defy,,,
delight,,,
delinquent,,,
delta,,,
delve,,,
democrat,,,
demolish,,,
denial,,,
dent,,,
department,,,
depends,,,
deposit,,,
design,,,
designs,,,
destroy,,,
destroyer,,,
detest,,,
detests,,,
deuce,,,
dev,,,
dice,,,
Dick,,,
die,,,
dif,,,
diff,,,
diffuse,,,
dim,,,
dimes,,,
dimple,,,
dip,,,
disconnect,,,
discount,,,
discredit,,,
discuss,,,
discussed,,,
disk,,,
dislike,,,
dislikes,,,
dismiss,,,
dispose,,,
dispute,,,
disrespect,,,
disruptive,,,
diss,,,
dist,,,
distinctive,,,
disturbing,,,
ditch,,,
dives,,,
diz,,,
dodge,,,
dollar,,,
dolphin,,,
dolphins,,,
dom,,,
doodle,,,
doom,,,
door,,,
dorm,,,
Dot,,,
dove,,,
dox,,,
dozen,,,
drab,,,
draf,,,
dragnet,,,
drain,,,
drained,,,
dram,,,
drank,,,
drape,,,
drapes,,,
dras,,,
drastic,,,
drawl,,,
drawn,,,
dreadful,,,
dreamed,,,
dreamy,,,
drench,,,
dressed,,,
driff,,,
drill,,,
drilled,,,
drinks,,,
drip,,,
drizzle,,,
drizzles,,,
drops,,,
drought,,,
drowsy,,,
drug,,,
drunk,,,
dub,,,
Dublin,,,
duct,,,
due,,,
dueling,,,
duff,,,
dumb,,,
dumped,,,
dunk,,,
duty,,,
ear,,,
earthenware,,,
earthquakes,,,
economic,,,
economy,,,
Ed,,,
edits,,,
educate,,,
educator,,,
educator s,,,
eek,,,
eels,,,
eighteenth,,,
eightieth,,,
eighty,,,
either,,,
elastic,,,
eleven,,,
elf,,,
Elizabeth,,,
Ellen,,,
else,,,
embassy,,,
emblem,,,
Emilie,,,
Emma,,,
employ,,,
employer,,,
employment,,,
empty,,,
enclose,,,
enemy,,,
England,,,
entering,,,
enters,,,
entirely,,,
entrap,,,
entrust,,,
entrusts,,,
equality,,,
errand,,,
escort,,,
establish,,,
etch,,,
ethic,,,
Europe,,,
evaluate,,,
exam,,,
exclude,,,
exempt,,,
exhale,,,
exit,,,
expands,,,
expect,,,
expected,,,
explosives,,,
expose,,,
expressive,,,
expressly,,,
extract,,,
extracts,,,
fab,,,
fade,,,
fail,,,
failed,,,
fairness,,,
FALSE,,,
falter,,,
fame,,,
famish,,,
famous,,,
fan,,,
fanfare,,,
fang,,,
fangs,,,
fare,,,
farewell,,,
farmer,,,
fass,,,
fastest,,,
fate,,,
faucet,,,
fav,,,
fawn,,,
faxes,,,
Fay,,,
faze,,,
fear,,,
feared,,,
fee,,,
feeds,,,
feeling,,,
fees,,,
feet,,,
female,,,
fen,,,
fend,,,
fern,,,
fertilizer,,,
fetch,,,
fib,,,
fidgeted,,,
fiend,,,
fierce,,,
fiftieth,,,
figs,,,
filch,,,
file,,,
films,,,
filth,,,
fin,,,
finch,,,
finest,,,
finger,,,
fink,,,
fir,,,
fireball,,,
fireside,,,
fishes,,,
flab,,,
flak,,,
flakes,,,
flam,,,
flame,,,
flank,,,
flap,,,
flashlight,,,
flashlights,,,
flask,,,
flatware,,,
flaw,,,
flax,,,
flea,,,
flee,,,
fleet,,,
flew,,,
flight,,,
flim,,,
flin,,,
flinch,,,
flinched,,,
flips,,,
flirt,,,
flog,,,
floss,,,
flown,,,
flows,,,
flue,,,
fluke,,,
flume,,,
flurry,,,
flute,,,
foal,,,
foals,,,
foamed,,,
fod,,,
foil,,,
fold,,,
folded,,,
folk,,,
fooled,,,
foolish,,,
forbid,,,
foreign,,,
forest,,,
forget,,,
fork,,,
form,,,
formulate,,,
forth,,,
forty,,,
forty-nine,,,
fought,,,
fourteen,,,
foxes,,,
foyer,,,
frac,,,
frag,,,
frail,,,
frame,,,
Fran,,,
Franklin,,,
frankly,,,
Fran s,,,
fraudulent,,,
freckles,,,
Frederick,,,
freight,,,
fren,,,
fric,,,
frill,,,
fringe,,,
frisk,,,
frogs,,,
frost,,,
frown,,,
frus,,,
fullback,,,
fum,,,
fumble,,,
fumbles,,,
fume,,,
fuse,,,
fuses,,,
fuzz,,,
gaf,,,
Gail's,,,
gal,,,
galley,,,
gallon,,,
gal,,,
gam,,,
gamble,,,
gambles,,,
gan,,,
gap,,,
garden,,,
gash,,,
gasp,,,
gasped,,,
gates,,,
gawk,,,
gay,,,
gear,,,
gem,,,
Gemini,,,
generator,,,
genius,,,
gentle,,,
gentleman,,,
genuine,,,
geranium,,,
geraniums,,,
ghastly,,,
ghetto,,,
ghost,,,
ghoul,,,
ghouls,,,
giblets,,,
Gibson,,,
gifted,,,
gifts,,,
gig,,,
gigantic,,,
Ginger,,,
girlish,,,
gladly,,,
glance,,,
glass,,,
glasses,,,
glee,,,
Glen,,,
glit,,,
glitch,,,
glob,,,
gloom,,,
glove,,,
gnat,,,
gnats,,,
gnaw,,,
goal,,,
goat,,,
goats,,,
gobble,,,
goblet,,,
goblets,,,
God,,,
goodness,,,
goofed,,,
goose,,,
Gordon,,,
gotten,,,
grad,,,
graduate,,,
graduating,,,
Gram's,,,
Gran,,,
granted,,,
grape,,,
graph,,,
graphic,,,
graphics,,,
graphs,,,
grate,,,
grave,,,
gravy,,,
graze,,,
greed,,,
greet,,,
greeted,,,
Greg,,,
grem,,,
grew,,,
grey,,,
greyhound,,,
grid,,,
grieving,,,
grim,,,
grind,,,
grins,,,
grip,,,
gristle,,,
grit,,,
grizz,,,
groan,,,
grocery,,,
groups,,,
grudge,,,
gruff,,,
grump,,,
guard,,,
guide,,,
guild,,,
guilt,,,
gull,,,
gulp,,,
gulps,,,
gunshots,,,
gup,,,
gym,,,
gymnastics,,,
gyroscope,,,
hab,,,
haft,,,
hag,,,
haggle,,,
haggles,,,
hail,,,
Hal,,,
half,,,
hall,,,
halt,,,
Hamlet,,,
hams,,,
handed,,,
handles,,,
handling,,,
handshake,,,
handy,,,
hap,,,
harbor,,,
harden,,,
hardly,,,
hardware,,,
harp,,,
Harry,,,
Harry's,,,
hash,,,
hasp,,,
hatch,,,
hate,,,
haul,,,
haunch,,,
hawk,,,
heal,,,
health,,,
hearing,,,
heated,,,
heaven s,,,
hectic,,,
hedges,,,
heed,,,
heels,,,
hefty,,,
height,,,
heir,,,
heiress,,,
held,,,
helm,,,
helpful,,,
helpless,,,
hem,,,
Henry,,,
herald,,,
heroic,,,
hex,,,
hiccough,,,
highlight,,,
highness,,,
hilt,,,
hint,,,
hinted,,,
hisses,,,
hitch,,,
hockey,,,
hog,,,
hoist,,,
holdup,,,
holes,,,
homeless,,,
homes,,,
homesick,,,
honey,,,
Hong,,,
honk,,,
honor,,,
hook,,,
hoop,,,
hoot,,,
horizon,,,
horn,,,
hornet,,,
horse,,,
hose,,,
hosp,,,
host,,,
hostile,,,
hotdogs,,,
hotels,,,
hour,,,
howls,,,
huddle,,,
hue,,,
huge,,,
hulk,,,
hull,,,
human,,,
humid,,,
hump,,,
hunch,,,
hundredth,,,
hung,,,
hunk,,,
hurl,,,
hurls,,,
hurricane,,,
husk,,,
hutch,,,
hybrid,,,
hydrant,,,
hymnals,,,
hypnotic,,,
icy,,,
idea,,,
idle,,,
igloo,,,
ignore,,,
Ike,,,
illustrate,,,
illustrator,,,
immune,,,
immunize,,,
imp,,,
implant,,,
impound,,,
impressively,,,
inattentive,,,
inch,,,
incline,,,
incomplete,,,
Indian,,,
inept,,,
inexpensive,,,
infested,,,
infiltrate,,,
inflict,,,
infuriate,,,
inhabit,,,
inhale,,,
inhibit,,,
inhibits,,,
injures,,,
ink,,,
inmate,,,
inmates,,,
insane,,,
inscribe,,,
insects,,,
insistent,,,
inspector,,,
inspects,,,
instinctive,,,
intellect,,,
intensive,,,
interference,,,
interview,,,
intrude,,,
invalid,,,
investigator,,,
irresponsible,,,
IRS,,,
isolate,,,
itch,,,
itches,,,
itemize,,,
ivy,,,
jab,,,
Jack's,,,
jade,,,
jailed,,,
jam,,,
jamb,,,
James,,,
Jan's,,,
jar,,,
jaw,,,
Jay,,,
jays,,,
jeans,,,
ject,,,
Jed,,,
Jeff's,,,
jell,,,
jersey,,,
jets,,,
jet s,,,
jewel,,,
jilt,,,
Jim's,,,
Joann's,,,
jock,,,
jocks,,,
Joetta,,,
jogging,,,
joint,,,
jointly,,,
joist,,,
joke,,,
jokes,,,
jolly,,,
jolt,,,
jot,,,
journeys,,,
Joyce,,,
joys,,,
Jude,,,
jugs,,,
juicy,,,
jukebox,,,
jum,,,
jungle,,,
jute,,,
Karen,,,
Kelly,,,
Ken,,,
Kent,,,
key,,,
khaki,,,
Khan,,,
kib,,,
kick,,,
kidnaps,,,
kidney,,,
kilt,,,
king,,,
kink,,,
kip,,,
kit,,,
kites,,,
knack,,,
knave,,,
knee,,,
kneel,,,
knickers,,,
knife,,,
knight,,,
knitting,,,
knob,,,
knock,,,
knocking,,,
knots,,,
knowledge,,,
known,,,
knuckles,,,
Kong,,,
Kyle,,,
labor,,,
laboring,,,
laced,,,
lady,,,
lame,,,
lamp,,,
lampshade,,,
Lang,,,
language,,,
lank,,,
lasagna,,,
latch,,,
latest,,,
laughed,,,
launch,,,
LaVerne,,,
leaf,,,
leak,,,
lean,,,
leap,,,
learns,,,
lease,,,
led,,,
leeks,,,
lef,,,
len,,,
length,,,
leopard,,,
letter,,,
lettuce,,,
lev,,,
Lewis,,,
Lex,,,
lick,,,
lie,,,
lies,,,
lieutenant,,,
lifelike,,,
lifeline,,,
lifetime,,,
lig,,,
lighter,,,
lightly,,,
likely,,,
limb,,,
limes,,,
limestone,,,
lin,,,
linear,,,
linens,,,
link,,,
lint,,,
lion,,,
liquor,,,
Lisa,,,
lives (long i),,,
lives (short i),,,
load,,,
loaf,,,
lobby,,,
lodge,,,
loft,,,
log,,,
lonely,,,
Lorne's,,,
losses,,,
lousy,,,
low,,,
Lucinda,,,
luck,,,
lug,,,
Luke's,,,
lumpy,,,
lun,,,
lung,,,
Lyle,,,
lyric,,,
mab,,,
Mac,,,
mace,,,
machine,,,
Mack,,,
Madison,,,
magnet,,,
magnets,,,
magnum,,,
maid,,,
mailed,,,
Maine,,,
mall,,,
manage,,,
mandate,,,
mane,,,
maneuver,,,
mangy,,,
man s,,,
mansion,,,
maps,,,
marble,,,
Mark s,,,
marksman,,,
Martin,,,
mascot,,,
mash,,,
mask,,,
masses,,,
match,,,
matched,,,
material,,,
mattress,,,
maul,,,
mauling,,,
mav,,,
meadow,,,
meadows,,,
meats,,,
media,,,
mediate,,,
medium,,,
medley,,,
meet,,,
melts,,,
mem,,,
membrane,,,
memorize,,,
mend,,,
merchant,,,
merry,,,
Michael,,,
microscope,,,
microscopic,,,
midnight,,,
midwest,,,
mighty,,,
mild,,,
mildew,,,
mile,,,
miles,,,
millionth,,,
Milwaukee,,,
mim,,,
mimic,,,
min,,,
mines,,,
mint,,,
mirror,,,
misconduct,,,
missed,,,
mission,,,
Mister,,,
mistletoe,,,
Mitchell,,,
mitt,,,
mittens,,,
mixes,,,
moan,,,
moaned,,,
moans,,,
mob,,,
mock,,,
mold,,,
molds,,,
moles,,,
moment,,,
mon,,,
monoxide,,,
monthly,,,
months,,,
morbid,,,
mosaic,,,
mosaics,,,
moss,,,
mot,,,
motel,,,
moth,,,
moths,,,
motive,,,
motor,,,
motorcycle,,,
mould,,,
mount,,,
mouse,,,
mouth,,,
Mr.,,,
Mrs.,,,
muck,,,
muff,,,
mug,,,
multiple,,,
mumps,,,
munch,,,
murmur,,,
muse,,,
mush,,,
musk,,,
mustache,,,
Mustang,,,
mute,,,
mutt,,,
mutter,,,
mystical,,,
mythic,,,
nails,,,
nameless,,,
Nancy,,,
Nan's,,,
nap,,,
napkins,,,
Nat,,,
Nate,,,
Nathan,,,
nation,,,
naughty,,,
navy,,,
nearest,,,
neb,,,
Ned,,,
needle,,,
neg,,,
neglect,,,
neglects,,,
neon,,,
nerd,,,
net,,,
nets,,,
neuter,,,
neutral,,,
nev,,,
niff,,,
nifty,,,
Nile,,,
ninetieth,,,
ninety,,,
ninety-first,,,
ninety-five,,,
ninety-nine,,,
nog,,,
none,,,
noodle,,,
norm,,,
north,,,
notch,,,
note,,,
notes,,,
nov,,,
novelty,,,
nude,,,
nuke,,,
numb,,,
nurse,,,
nut,,,
nuts,,,
oath,,,
obey,,,
objective,,,
objectively,,,
objectivity,,,
ocean,,,
octopus,,,
office,,,
Ohio,,,
oldest,,,
olive,,,
onion,,,
opponent,,,
oppose,,,
optic,,,
Ordained,,,
organic,,,
organize,,,
oriental,,,
Oshkosh,,,
ostrich,,,
ouch,,,
ought,,,
our,,,
outgrew,,,
outline,,,
outstanding,,,
overlook,,,
overnight,,,
ox,,,
Paige,,,
pail,,,
pained,,,
paint,,,
paisley,,,
pale,,,
pamphlets,,,
Pam s,,,
pane,,,
panic,,,
panics,,,
pant,,,
pants,,,
pap,,,
pardon,,,
parlor,,,
parsley,,,
part,,,
passable,,,
passed,,,
passive,,,
paste,,,
path,,,
patient,,,
Patricia,,,
patriot,,,
Paul's,,,
pave,,,
pavement,,,
pawn,,,
payment,,,
pays,,,
peace,,,
peb,,,
peek,,,
peeked,,,
pelt,,,
pelts,,,
penny,,,
pens,,,
perch,,,
perfectly,,,
perm,,,
persistent,,,
pewter,,,
Phantom,,,
phase,,,
philosophy,,,
Phil's,,,
phobia,,,
phones,,,
photographer,,,
phrases,,,
physical,,,
physics,,,
pickle,,,
picnics,,,
picture,,,
pid,,,
pies,,,
pigs,,,
pig s,,,
pill,,,
pin,,,
ping,,,
pinkish,,,
pint,,,
pipe,,,
pipes,,,
pitches,,,
plains,,,
plane,,,
plastic,,,
plea,,,
pleat,,,
plen,,,
plight,,,
plinks,,,
plot,,,
pluck,,,
plucks,,,
plug,,,
plum,,,
plumb,,,
plume,,,
plums,,,
plun,,,
plunged,,,
plus,,,
podium,,,
poem,,,
poetry,,,
poise,,,
polite,,,
politely,,,
polka,,,
poll,,,
pom,,,
pong,,,
Pontiac,,,
poor,,,
poorly,,,
popsicle,,,
popular,,,
porridge,,,
port,,,
portfolio,,,
ports,,,
postpone,,,
pounce,,,
pound,,,
pounding,,,
pout,,,
pov,,,
powder,,,
Powell,,,
power,,,
practice,,,
prank,,,
preach,,,
predicts,,,
preg,,,
prepare,,,
pretended,,,
pretty,,,
prevent,,,
preview,,,
prey,,,
price,,,
priest,,,
priests,,,
prim,,,
prime,,,
prin,,,
profit,,,
program,,,
prom,,,
prongs,,,
prop,,,
prophet,,,
prose,,,
protect,,,
protective,,,
protectively,,,
protein,,,
protest,,,
provide,,,
prude,,,
pry,,,
psycho,,,
pub,,,
publish,,,
pud,,,
pulp,,,
pum,,,
pump,,,
punched,,,
punish,,,
punk,,,
punt,,,
puny,,,
pupils,,,
puppy,,,
purse,,,
qualms,,,
quan,,,
queen,,,
quell,,,
quest,,,
quib,,,
quietly,,,
quin,,,
quint,,,
quote,,,
rab,,,
rabbit,,,
race,,,
rack,,,
racy,,,
rad,,,
radiant,,,
radish,,,
raf,,,
raff,,,
raffle,,,
rainy,,,
raise,,,
rake,,,
ram,,,
range,,,
rap,,,
rapid,,,
rapt,,,
rat,,,
rate,,,
rat s,,,
rav,,,
ravens,,,
raw,,,
reach,,,
reachable,,,
react,,,
real,,,
reasonable,,,
recognize,,,
recommend,,,
recruit,,,
reduce,,,
reed,,,
reeks,,,
reform,,,
refreshed,,,
refreshments,,,
refuge,,,
refund,,,
regulate,,,
rehearse,,,
reign,,,
rein,,,
rejected,,,
rejoicing,,,
relative,,,
relaxes,,,
relief,,,
relocate,,,
remark,,,
remedial,,,
remediate,,,
removes,,,
ren,,,
rental,,,
reply,,,
represent,,,
repulsive,,,
rerun,,,
researcher,,,
resemble,,,
respected,,,
responded,,,
rested,,,
restive,,,
restless,,,
restricted,,,
retake,,,
retire,,,
return,,,
returning,,,
review,,,
revise,,,
rhinestone,,,
rhino,,,
rhinoceros,,,
rhubarb,,,
rhyme,,,
rhythm,,,
rib,,,
ribs,,,
rides,,,
rifle,,,
rig,,,
rind,,,
ring,,,
rink,,,
rise,,,
rises,,,
riv,,,
roach,,,
roaches,,,
robber,,,
robot,,,
robs,,,
rodents,,,
roll,,,
Rome,,,
romp,,,
Ron,,,
roof,,,
roomy,,,
roost,,,
rooting,,,
rosebud,,,
Ross's,,,
rot,,,
rotate,,,
rotten,,,
rowdy,,,
Roy,,,
royal,,,
rubbish,,,
ruby,,,
rung,,,
runt,,,
rupt,,,
rushes,,,
Russ,,,
rust,,,
rustic,,,
rustle,,,
Ruth,,,
sack,,,
saddle,,,
Sal,,,
salads,,,
sale,,,
sample,,,
san,,,
sang,,,
sank,,,
sap,,,
sasses,,,
satisfy,,,
sauce,,,
saucer,,,
saunter,,,
sawdust,,,
scab,,,
scald,,,
scalp,,,
scam,,,
scarcely,,,
scare,,,
scat,,,
scenery,,,
Schofield,,,
schwaa,,,
science,,,
scoff,,,
scolded,,,
scoot,,,
Scot,,,
scotch,,,
Scott,,,
Scott's,,,
scoundrel,,,
scout,,,
scramble,,,
scrape,,,
scratch,,,
screamed,,,
screw,,,
scrimp,,,
script,,,
scroll,,,
scrolls,,,
scrooge,,,
scud,,,
scuff,,,
sculptor,,,
scum,,,
scuz,,,
seal,,,
seals,,,
seam,,,
searching,,,
seed,,,
seek,,,
seg,,,
seize,,,
self,,,
selfish,,,
sept,,,
septic,,,
Seth,,,
sev,,,
seventeen,,,
seventieth,,,
seventy,,,
sew,,,
sewer,,,
shack,,,
shackle,,,
Shad,,,
shades,,,
shag,,,
sham,,,
shank,,,
shape,,,
shapeless,,,
sharp,,,
sharpen,,,
shave,,,
shaves,,,
shawl,,,
sheep,,,
sheets,,,
shell,,,
shelve,,,
sherbet,,,
shield,,,
shin,,,
shins,,,
shiny,,,
shipmates,,,
shipment,,,
ships,,,
shoe,,,
shore,,,
shortcut,,,
shoulder,,,
show,,,
showering,,,
showing,,,
shrunk,,,
shuns,,,
shut,,,
shuts,,,
sib,,,
sickish,,,
sickle,,,
sidestroke,,,
sideswipe,,,
sift,,,
sifted,,,
sighs,,,
silks,,,
sill,,,
silly,,,
silo,,,
since,,,
singed,,,
singular,,,
sinks,,,
sirloin,,,
Sis,,,
sissy,,,
site,,,
sits,,,
sixteen,,,
sixtieth,,,
sixty,,,
size,,,
skates,,,
skeptic,,,
skim,,,
skinny,,,
skit,,,
skull,,,
skunk,,,
slab,,,
slack,,,
Slade,,,
slain,,,
slam,,,
slan,,,
slant,,,
slap,,,
slashing,,,
slaughter,,,
slaves,,,
sleek,,,
sleigh,,,
sleighs,,,
slen,,,
slept,,,
sleuth,,,
slim,,,
slink,,,
slit,,,
slum,,,
slurp,,,
slush,,,
smartest,,,
smells,,,
smelly,,,
smog,,,
smoke,,,
smooth,,,
smoothes,,,
smooths,,,
smudges,,,
smug,,,
smut,,,
snack,,,
snag,,,
snail,,,
snails,,,
snake,,,
snakes,,,
snap,,,
snapped,,,
snapshot,,,
snarl,,,
snatch,,,
snatched,,,
sneeze,,,
snip,,,
snitch,,,
snitched,,,
snooped,,,
snoozing,,,
snore,,,
snowed,,,
snowman,,,
snub,,,
snug,,,
snuggle,,,
soak,,,
soaked,,,
soap,,,
soapy,,,
sodium,,,
soften,,,
software,,,
sog,,,
soil,,,
soiling,,,
solar,,,
solve,,,
sooner,,,
sought,,,
soul,,,
sound,,,
sounded,,,
sows,,,
spa,,,
space,,,
spackle,,,
spackles,,,
spade,,,
Spain,,,
spank,,,
sparerib,,,
sparkle,,,
sparkling,,,
sparks,,,
spatula,,,
spay,,,
speaker,,,
speakers,,,
special,,,
speck,,,
speech,,,
speed,,,
spell,,,
spew,,,
sphere,,,
spices,,,
spider,,,
spies,,,
spine,,,
spit,,,
spitefully,,,
spooked,,,
spoon,,,
spore,,,
sport,,,
sportsperson,,,
spotlight,,,
spout,,,
spray,,,
spread,,,
spreads,,,
sprinkle,,,
spruce,,,
spud,,,
spum,,,
spun,,,
spunk,,,
spunky,,,
sput,,,
squabble,,,
squash,,,
squat,,,
squats,,,
squeaked,,,
squeaks,,,
squealed,,,
squid,,,
stab,,,
stable,,,
stack,,,
stain,,,
stale,,,
stalking,,,
stalling,,,
stalls,,,
stampede,,,
Stan,,,
star,,,
startle,,,
starve,,,
statements,,,
statue,,,
steak,,,
steam,,,
steamed,,,
steed,,,
stem,,,
stench,,,
steps,,,
stern,,,
stingy,,,
stinks,,,
stir,,,
stock,,,
stocking,,,
stocks,,,
stone,,,
stones,,,
stoneware,,,
stork,,,
storms,,,
story,,,
straight,,,
strained,,,
strangle,,,
strategy,,,
straw,,,
strength,,,
strengths,,,
stressful,,,
stretch,,,
stretches,,,
strike,,,
strikes,,,
string,,,
strip,,,
stripe,,,
strips,,,
stroke,,,
stroll,,,
strolls,,,
struck,,,
stub,,,
stuck,,,
stud,,,
studio,,,
stum,,,
stump,,,
stun,,,
stunk,,,
stut,,,
style,,,
sub,,,
subcontract,,,
subdue,,,
subjective,,,
subjects,,,
submissive,,,
submit,,,
subscribe,,,
suck,,,
suds,,,
suff,,,
suffocate,,,
sug,,,
sugar,,,
sum,,,
summon,,,
sump,,,
sundae,,,
sunfish,,,
sung,,,
sunk,,,
sunlight,,,
sunny,,,
supervisor,,,
surmount,,,
surrender,,,
surround,,,
survey,,,
survive,,,
susp,,,
suspect,,,
swab,,,
swag,,,
swan,,,
swank,,,
swap,,,
swarm,,,
swarming,,,
swat,,,
sway,,,
sweat,,,
swept,,,
swig,,,
swin,,,
swing,,,
swipe,,,
swirl,,,
swirls,,,
swish,,,
Swiss,,,
switch,,,
swoop,,,
syllable,,,
symbolic,,,
sympathize,,,
sympathy,,,
symphony,,,
symptoms,,,
syntax,,,
synthetic,,,
tack,,,
tackle,,,
tact,,,
Tad,,,
Tad s,,,
taf,,,
taff,,,
tags,,,
tail,,,
takeoff,,,
tales,,,
taller,,,
tam,,,
tang,,,
tape,,,
tar,,,
target,,,
tarnish,,,
tasty,,,
tat,,,
Tate,,,
taught,,,
taunt,,,
taut,,,
tea,,,
teak,,,
tear,,,
teen,,,
telegraph,,,
tem,,,
temp,,,
temple,,,
tennis,,,
term,,,
terror,,,
Tex,,,
th,,,
thankful,,,
thanks,,,
Thanksgiving,,,
thawing,,,
theirs,,,
theme,,,
thief,,,
thimble,,,
third,,,
thirsty,,,
thirteen,,,
thirtieth,,,
thirty-one,,,
Thomas,,,
thorn,,,
though,,,
thousandth,,,
thread,,,
thrift,,,
throne,,,
thud,,,
thug,,,
thumb,,,
tib,,,
tick,,,
tickets,,,
ticklish,,,
tide,,,
tidy,,,
tight,,,
tighten,,,
tile,,,
tilt,,,
tinfoil,,,
tint,,,
tip,,,
tisk,,,
tiz,,,
toad,,,
toads,,,
tock,,,
toe,,,
toes,,,
toff,,,
toil,,,
toiling,,,
toll,,,
Tom,,,
Tommy,,,
ton,,,
tongs,,,
tongue,,,
topics,,,
torment,,,
tots,,,
touch,,,
tough,,,
towed,,,
tr,,,
traces,,,
tracks,,,
tract,,,
tractor,,,
traf,,,
train,,,
tram,,,
tramp,,,
tran,,,
trance,,,
tranquil,,,
tranquilize,,,
translate,,,
transmit,,,
transplant,,,
transport,,,
trap,,,
traps,,,
trash,,,
trauma,,,
tray,,,
treated,,,
tree,,,
trem,,,
tremble,,,
tren,,,
trench,,,
triangle,,,
tribe,,,
trick,,,
tricked,,,
trickles,,,
trillion,,,
trillionth,,,
trim,,,
troll,,,
trombone,,,
trophy,,,
tropics,,,
trot,,,
TRUE,,,
trumpet,,,
trunk,,,
trust,,,
trusted,,,
truth,,,
truthful,,,
tube,,,
tuft,,,
tup,,,
turkeys,,,
turned,,,
tusk,,,
Tut,,,
tuxedo,,,
tuxes,,,
tweed,,,
twelfth,,,
twentieth,,,
twenty,,,
twenty-two,,,
twig,,,
twinge,,,
twis,,,
twisted,,,
ugly,,,
umbrella,,,
umpire,,,
understood,,,
unfurl,,,
unlawful,,,
unless,,,
unpack,,,
untie,,,
urge,,,
useful,,,
uselessly,,,
usual,,,
vacuum,,,
vad,,,
vak,,,
valentine,,,
valentines,,,
vam,,,
vamp,,,
vanilla,,,
vanish,,,
vanished,,,
vases,,,
vat,,,
vault,,,
vaulting,,,
veil,,,
vein,,,
velvet,,,
vent,,,
Verna,,,
vessel,,,
vex,,,
vict,,,
victim,,,
victimize,,,
vid,,,
video,,,
view,,,
vine,,,
violin,,,
vip,,,
vision,,,
voice,,,
volcanic,,,
volt,,,
volume,,,
vote,,,
vouch,,,
vow,,,
voyage,,,
wad,,,
waffle,,,
wages,,,
wagon,,,
waist,,,
wall,,,
wallop,,,
walrus,,,
wand,,,
war,,,
warble,,,
warden,,,
wardrobe,,,
warm,,,
warmth,,,
warn,,,
warnings,,,
warp,,,
warranty,,,
Warren,,,
warriors,,,
wars,,,
Warsaw,,,
warts,,,
wash,,,
wasp,,,
waterproof,,,
watertight,,,
Watson,,,
watt,,,
waves,,,
weak,,,
weakness,,,
wealth,,,
weave,,,
web,,,
weed,,,
weep,,,
weld,,,
welfare,,,
whale,,,
wheat,,,
whines,,,
whiskey,,,
whisks,,,
Whitney,,,
Whitney's,,,
whoop,,,
whose,,,
wick,,,
wig,,,
William,,,
wimp,,,
winch,,,
winds,,,
winds (short i),,,
windy,,,
wine,,,
wing,,,
wings,,,
wingspan,,,
wink,,,
wire,,,
wisp,,,
wit,,,
witch,,,
witness,,,
wiz,,,
wizard,,,
woe,,,
woke,,,
wolf,,,
woman,,,
women,,,
wood,,,
woozy,,,
word,,,
works,,,
worm,,,
worst,,,
worth,,,
wrangle,,,
wrap,,,
wrath,,,
wreath,,,
wrench,,,
wriggle,,,
wrinkle,,,
wrist,,,
wrong,,,
yank,,,
yarn,,,
yawn,,,
yearn,,,
yid,,,
yield,,,
yields,,,
yoke,,,
yolk,,,
yolks,,,
yours,,,
youths,,,
yuck,,,
Yule,,,
Yuletide,,,
zab,,,
zag,,,
zags,,,
zak,,,
zam,,,
zat,,,
Zeb,,,
zebra,,,
zero,,,
zestfully,,,
Zeth,,,
zigs,,,
zim,,,
zip,,,
zodiac,,,